id,person_id,organization_id,start_date,end_date,sources
praha:membership:katerina-arnotova:praha:org:zastupitelstvo-hmp,praha:person:katerina-arnotova,praha:org:zastupitelstvo-hmp,2022-11-03,,"[{""url"": ""https://storage.golemio.cz/ckan/obis/Vysledky_hlasovani_ZHMP_2022_-_2026.csv"", ""note"": ""start/end derived from first/last non-empty vote cell for this councilor's column; open end_date = still active as of the last observed session in this export.""}]"
praha:membership:martin-benkovic:praha:org:zastupitelstvo-hmp,praha:person:martin-benkovic,praha:org:zastupitelstvo-hmp,2022-11-03,,"[{""url"": ""https://storage.golemio.cz/ckan/obis/Vysledky_hlasovani_ZHMP_2022_-_2026.csv"", ""note"": ""start/end derived from first/last non-empty vote cell for this councilor's column; open end_date = still active as of the last observed session in this export.""}]"
praha:membership:jaromir-beranek:praha:org:zastupitelstvo-hmp,praha:person:jaromir-beranek,praha:org:zastupitelstvo-hmp,2022-11-03,,"[{""url"": ""https://storage.golemio.cz/ckan/obis/Vysledky_hlasovani_ZHMP_2022_-_2026.csv"", ""note"": ""start/end derived from first/last non-empty vote cell for this councilor's column; open end_date = still active as of the last observed session in this export.""}]"
praha:membership:david-bodecek:praha:org:zastupitelstvo-hmp,praha:person:david-bodecek,praha:org:zastupitelstvo-hmp,2022-11-03,,"[{""url"": ""https://storage.golemio.cz/ckan/obis/Vysledky_hlasovani_ZHMP_2022_-_2026.csv"", ""note"": ""start/end derived from first/last non-empty vote cell for this councilor's column; open end_date = still active as of the last observed session in this export.""}]"
praha:membership:vladan-broz:praha:org:zastupitelstvo-hmp,praha:person:vladan-broz,praha:org:zastupitelstvo-hmp,2022-11-03,,"[{""url"": ""https://storage.golemio.cz/ckan/obis/Vysledky_hlasovani_ZHMP_2022_-_2026.csv"", ""note"": ""start/end derived from first/last non-empty vote cell for this councilor's column; open end_date = still active as of the last observed session in this export.""}]"
praha:membership:jiri-bruzek:praha:org:zastupitelstvo-hmp,praha:person:jiri-bruzek,praha:org:zastupitelstvo-hmp,2022-11-03,,"[{""url"": ""https://storage.golemio.cz/ckan/obis/Vysledky_hlasovani_ZHMP_2022_-_2026.csv"", ""note"": ""start/end derived from first/last non-empty vote cell for this councilor's column; open end_date = still active as of the last observed session in this export.""}]"
praha:membership:vaclav-bilek:praha:org:zastupitelstvo-hmp,praha:person:vaclav-bilek,praha:org:zastupitelstvo-hmp,2022-11-03,,"[{""url"": ""https://storage.golemio.cz/ckan/obis/Vysledky_hlasovani_ZHMP_2022_-_2026.csv"", ""note"": ""start/end derived from first/last non-empty vote cell for this councilor's column; open end_date = still active as of the last observed session in this export.""}]"
praha:membership:jan-chabr:praha:org:zastupitelstvo-hmp,praha:person:jan-chabr,praha:org:zastupitelstvo-hmp,2022-11-03,,"[{""url"": ""https://storage.golemio.cz/ckan/obis/Vysledky_hlasovani_ZHMP_2022_-_2026.csv"", ""note"": ""start/end derived from first/last non-empty vote cell for this councilor's column; open end_date = still active as of the last observed session in this export.""}]"
praha:membership:kristyna-drapalova:praha:org:zastupitelstvo-hmp,praha:person:kristyna-drapalova,praha:org:zastupitelstvo-hmp,2022-11-03,,"[{""url"": ""https://storage.golemio.cz/ckan/obis/Vysledky_hlasovani_ZHMP_2022_-_2026.csv"", ""note"": ""start/end derived from first/last non-empty vote cell for this councilor's column; open end_date = still active as of the last observed session in this export.""}]"
praha:membership:zuzana-freitas:praha:org:zastupitelstvo-hmp,praha:person:zuzana-freitas,praha:org:zastupitelstvo-hmp,2022-11-03,,"[{""url"": ""https://storage.golemio.cz/ckan/obis/Vysledky_hlasovani_ZHMP_2022_-_2026.csv"", ""note"": ""start/end derived from first/last non-empty vote cell for this councilor's column; open end_date = still active as of the last observed session in this export.""}]"
praha:membership:marta-gellova:praha:org:zastupitelstvo-hmp,praha:person:marta-gellova,praha:org:zastupitelstvo-hmp,2022-11-03,,"[{""url"": ""https://storage.golemio.cz/ckan/obis/Vysledky_hlasovani_ZHMP_2022_-_2026.csv"", ""note"": ""start/end derived from first/last non-empty vote cell for this councilor's column; open end_date = still active as of the last observed session in this export.""}]"
praha:membership:zuzana-hamanova:praha:org:zastupitelstvo-hmp,praha:person:zuzana-hamanova,praha:org:zastupitelstvo-hmp,2022-11-03,,"[{""url"": ""https://storage.golemio.cz/ckan/obis/Vysledky_hlasovani_ZHMP_2022_-_2026.csv"", ""note"": ""start/end derived from first/last non-empty vote cell for this councilor's column; open end_date = still active as of the last observed session in this export.""}]"
praha:membership:petr-hlavacek:praha:org:zastupitelstvo-hmp,praha:person:petr-hlavacek,praha:org:zastupitelstvo-hmp,2022-11-03,,"[{""url"": ""https://storage.golemio.cz/ckan/obis/Vysledky_hlasovani_ZHMP_2022_-_2026.csv"", ""note"": ""start/end derived from first/last non-empty vote cell for this councilor's column; open end_date = still active as of the last observed session in this export.""}]"
praha:membership:michal-hroza:praha:org:zastupitelstvo-hmp,praha:person:michal-hroza,praha:org:zastupitelstvo-hmp,2022-11-03,,"[{""url"": ""https://storage.golemio.cz/ckan/obis/Vysledky_hlasovani_ZHMP_2022_-_2026.csv"", ""note"": ""start/end derived from first/last non-empty vote cell for this councilor's column; open end_date = still active as of the last observed session in this export.""}]"
praha:membership:martin-hrubcik:praha:org:zastupitelstvo-hmp,praha:person:martin-hrubcik,praha:org:zastupitelstvo-hmp,2022-11-03,2024-12-12,"[{""url"": ""https://storage.golemio.cz/ckan/obis/Vysledky_hlasovani_ZHMP_2022_-_2026.csv"", ""note"": ""start/end derived from first/last non-empty vote cell for this councilor's column; open end_date = still active as of the last observed session in this export.""}]"
praha:membership:jan-husbauer:praha:org:zastupitelstvo-hmp,praha:person:jan-husbauer,praha:org:zastupitelstvo-hmp,2022-11-03,,"[{""url"": ""https://storage.golemio.cz/ckan/obis/Vysledky_hlasovani_ZHMP_2022_-_2026.csv"", ""note"": ""start/end derived from first/last non-empty vote cell for this councilor's column; open end_date = still active as of the last observed session in this export.""}]"
praha:membership:zdenek-hrib:praha:org:zastupitelstvo-hmp,praha:person:zdenek-hrib,praha:org:zastupitelstvo-hmp,2022-11-03,,"[{""url"": ""https://storage.golemio.cz/ckan/obis/Vysledky_hlasovani_ZHMP_2022_-_2026.csv"", ""note"": ""start/end derived from first/last non-empty vote cell for this councilor's column; open end_date = still active as of the last observed session in this export.""}]"
praha:membership:tomas-kastovsky:praha:org:zastupitelstvo-hmp,praha:person:tomas-kastovsky,praha:org:zastupitelstvo-hmp,2022-11-03,,"[{""url"": ""https://storage.golemio.cz/ckan/obis/Vysledky_hlasovani_ZHMP_2022_-_2026.csv"", ""note"": ""start/end derived from first/last non-empty vote cell for this councilor's column; open end_date = still active as of the last observed session in this export.""}]"
praha:membership:antonin-klecanda:praha:org:zastupitelstvo-hmp,praha:person:antonin-klecanda,praha:org:zastupitelstvo-hmp,2022-11-03,,"[{""url"": ""https://storage.golemio.cz/ckan/obis/Vysledky_hlasovani_ZHMP_2022_-_2026.csv"", ""note"": ""start/end derived from first/last non-empty vote cell for this councilor's column; open end_date = still active as of the last observed session in this export.""}]"
praha:membership:radmila-kleslova:praha:org:zastupitelstvo-hmp,praha:person:radmila-kleslova,praha:org:zastupitelstvo-hmp,2022-11-03,,"[{""url"": ""https://storage.golemio.cz/ckan/obis/Vysledky_hlasovani_ZHMP_2022_-_2026.csv"", ""note"": ""start/end derived from first/last non-empty vote cell for this councilor's column; open end_date = still active as of the last observed session in this export.""}]"
praha:membership:jiri-knitl:praha:org:zastupitelstvo-hmp,praha:person:jiri-knitl,praha:org:zastupitelstvo-hmp,2022-11-03,,"[{""url"": ""https://storage.golemio.cz/ckan/obis/Vysledky_hlasovani_ZHMP_2022_-_2026.csv"", ""note"": ""start/end derived from first/last non-empty vote cell for this councilor's column; open end_date = still active as of the last observed session in this export.""}]"
praha:membership:jan-kolar:praha:org:zastupitelstvo-hmp,praha:person:jan-kolar,praha:org:zastupitelstvo-hmp,2022-11-03,,"[{""url"": ""https://storage.golemio.cz/ckan/obis/Vysledky_hlasovani_ZHMP_2022_-_2026.csv"", ""note"": ""start/end derived from first/last non-empty vote cell for this councilor's column; open end_date = still active as of the last observed session in this export.""}]"
praha:membership:jana-komrskova:praha:org:zastupitelstvo-hmp,praha:person:jana-komrskova,praha:org:zastupitelstvo-hmp,2022-11-03,,"[{""url"": ""https://storage.golemio.cz/ckan/obis/Vysledky_hlasovani_ZHMP_2022_-_2026.csv"", ""note"": ""start/end derived from first/last non-empty vote cell for this councilor's column; open end_date = still active as of the last observed session in this export.""}]"
praha:membership:zdenek-kovarik:praha:org:zastupitelstvo-hmp,praha:person:zdenek-kovarik,praha:org:zastupitelstvo-hmp,2022-11-03,,"[{""url"": ""https://storage.golemio.cz/ckan/obis/Vysledky_hlasovani_ZHMP_2022_-_2026.csv"", ""note"": ""start/end derived from first/last non-empty vote cell for this councilor's column; open end_date = still active as of the last observed session in this export.""}]"
praha:membership:lucie-kubesa:praha:org:zastupitelstvo-hmp,praha:person:lucie-kubesa,praha:org:zastupitelstvo-hmp,2022-11-03,,"[{""url"": ""https://storage.golemio.cz/ckan/obis/Vysledky_hlasovani_ZHMP_2022_-_2026.csv"", ""note"": ""start/end derived from first/last non-empty vote cell for this councilor's column; open end_date = still active as of the last observed session in this export.""}]"
praha:membership:jakub-leps:praha:org:zastupitelstvo-hmp,praha:person:jakub-leps,praha:org:zastupitelstvo-hmp,2022-11-03,,"[{""url"": ""https://storage.golemio.cz/ckan/obis/Vysledky_hlasovani_ZHMP_2022_-_2026.csv"", ""note"": ""start/end derived from first/last non-empty vote cell for this councilor's column; open end_date = still active as of the last observed session in this export.""}]"
praha:membership:gabriela-lnenickova:praha:org:zastupitelstvo-hmp,praha:person:gabriela-lnenickova,praha:org:zastupitelstvo-hmp,2022-11-03,,"[{""url"": ""https://storage.golemio.cz/ckan/obis/Vysledky_hlasovani_ZHMP_2022_-_2026.csv"", ""note"": ""start/end derived from first/last non-empty vote cell for this councilor's column; open end_date = still active as of the last observed session in this export.""}]"
praha:membership:viktor-mahrik:praha:org:zastupitelstvo-hmp,praha:person:viktor-mahrik,praha:org:zastupitelstvo-hmp,2022-11-03,,"[{""url"": ""https://storage.golemio.cz/ckan/obis/Vysledky_hlasovani_ZHMP_2022_-_2026.csv"", ""note"": ""start/end derived from first/last non-empty vote cell for this councilor's column; open end_date = still active as of the last observed session in this export.""}]"
praha:membership:pavel-mares:praha:org:zastupitelstvo-hmp,praha:person:pavel-mares,praha:org:zastupitelstvo-hmp,2022-11-03,,"[{""url"": ""https://storage.golemio.cz/ckan/obis/Vysledky_hlasovani_ZHMP_2022_-_2026.csv"", ""note"": ""start/end derived from first/last non-empty vote cell for this councilor's column; open end_date = still active as of the last observed session in this export.""}]"
praha:membership:hana-marvanova:praha:org:zastupitelstvo-hmp,praha:person:hana-marvanova,praha:org:zastupitelstvo-hmp,2022-11-03,,"[{""url"": ""https://storage.golemio.cz/ckan/obis/Vysledky_hlasovani_ZHMP_2022_-_2026.csv"", ""note"": ""start/end derived from first/last non-empty vote cell for this councilor's column; open end_date = still active as of the last observed session in this export.""}]"
praha:membership:kamila-matejkova:praha:org:zastupitelstvo-hmp,praha:person:kamila-matejkova,praha:org:zastupitelstvo-hmp,2022-11-03,,"[{""url"": ""https://storage.golemio.cz/ckan/obis/Vysledky_hlasovani_ZHMP_2022_-_2026.csv"", ""note"": ""start/end derived from first/last non-empty vote cell for this councilor's column; open end_date = still active as of the last observed session in this export.""}]"
praha:membership:daniel-mazur:praha:org:zastupitelstvo-hmp,praha:person:daniel-mazur,praha:org:zastupitelstvo-hmp,2022-11-03,,"[{""url"": ""https://storage.golemio.cz/ckan/obis/Vysledky_hlasovani_ZHMP_2022_-_2026.csv"", ""note"": ""start/end derived from first/last non-empty vote cell for this councilor's column; open end_date = still active as of the last observed session in this export.""}]"
praha:membership:patrik-nacher:praha:org:zastupitelstvo-hmp,praha:person:patrik-nacher,praha:org:zastupitelstvo-hmp,2022-11-03,,"[{""url"": ""https://storage.golemio.cz/ckan/obis/Vysledky_hlasovani_ZHMP_2022_-_2026.csv"", ""note"": ""start/end derived from first/last non-empty vote cell for this councilor's column; open end_date = still active as of the last observed session in this export.""}]"
praha:membership:stanislav-nekolny:praha:org:zastupitelstvo-hmp,praha:person:stanislav-nekolny,praha:org:zastupitelstvo-hmp,2022-11-03,,"[{""url"": ""https://storage.golemio.cz/ckan/obis/Vysledky_hlasovani_ZHMP_2022_-_2026.csv"", ""note"": ""start/end derived from first/last non-empty vote cell for this councilor's column; open end_date = still active as of the last observed session in this export.""}]"
praha:membership:radomir-nepil:praha:org:zastupitelstvo-hmp,praha:person:radomir-nepil,praha:org:zastupitelstvo-hmp,2022-11-03,,"[{""url"": ""https://storage.golemio.cz/ckan/obis/Vysledky_hlasovani_ZHMP_2022_-_2026.csv"", ""note"": ""start/end derived from first/last non-empty vote cell for this councilor's column; open end_date = still active as of the last observed session in this export.""}]"
praha:membership:josef-nerusil:praha:org:zastupitelstvo-hmp,praha:person:josef-nerusil,praha:org:zastupitelstvo-hmp,2022-11-03,2026-03-26,"[{""url"": ""https://storage.golemio.cz/ckan/obis/Vysledky_hlasovani_ZHMP_2022_-_2026.csv"", ""note"": ""start/end derived from first/last non-empty vote cell for this councilor's column; open end_date = still active as of the last observed session in this export.""}]"
praha:membership:tomas-pek:praha:org:zastupitelstvo-hmp,praha:person:tomas-pek,praha:org:zastupitelstvo-hmp,2022-11-03,,"[{""url"": ""https://storage.golemio.cz/ckan/obis/Vysledky_hlasovani_ZHMP_2022_-_2026.csv"", ""note"": ""start/end derived from first/last non-empty vote cell for this councilor's column; open end_date = still active as of the last observed session in this export.""}]"
praha:membership:marcela-plesnikova:praha:org:zastupitelstvo-hmp,praha:person:marcela-plesnikova,praha:org:zastupitelstvo-hmp,2022-11-03,,"[{""url"": ""https://storage.golemio.cz/ckan/obis/Vysledky_hlasovani_ZHMP_2022_-_2026.csv"", ""note"": ""start/end derived from first/last non-empty vote cell for this councilor's column; open end_date = still active as of the last observed session in this export.""}]"
praha:membership:tomas-portlik:praha:org:zastupitelstvo-hmp,praha:person:tomas-portlik,praha:org:zastupitelstvo-hmp,2022-11-03,,"[{""url"": ""https://storage.golemio.cz/ckan/obis/Vysledky_hlasovani_ZHMP_2022_-_2026.csv"", ""note"": ""start/end derived from first/last non-empty vote cell for this councilor's column; open end_date = still active as of the last observed session in this export.""}]"
praha:membership:jiri-pospisil:praha:org:zastupitelstvo-hmp,praha:person:jiri-pospisil,praha:org:zastupitelstvo-hmp,2022-11-03,,"[{""url"": ""https://storage.golemio.cz/ckan/obis/Vysledky_hlasovani_ZHMP_2022_-_2026.csv"", ""note"": ""start/end derived from first/last non-empty vote cell for this councilor's column; open end_date = still active as of the last observed session in this export.""}]"
praha:membership:david-prochazka:praha:org:zastupitelstvo-hmp,praha:person:david-prochazka,praha:org:zastupitelstvo-hmp,2022-11-03,2025-03-27,"[{""url"": ""https://storage.golemio.cz/ckan/obis/Vysledky_hlasovani_ZHMP_2022_-_2026.csv"", ""note"": ""start/end derived from first/last non-empty vote cell for this councilor's column; open end_date = still active as of the last observed session in this export.""}]"
praha:membership:ondrej-prokop:praha:org:zastupitelstvo-hmp,praha:person:ondrej-prokop,praha:org:zastupitelstvo-hmp,2022-11-03,2026-06-30,"[{""url"": ""https://storage.golemio.cz/ckan/obis/Vysledky_hlasovani_ZHMP_2022_-_2026.csv"", ""note"": ""start_date derived from first non-empty vote cell for this councilor's column. end_date is NOT derivable from this export (stale since 2026-05-28, no vote gap visible) — see the following sources for the actual departure.""}, {""url"": ""https://cs.wikipedia.org/wiki/Ond%C5%99ej_Prokop"", ""note"": ""Mandate formally ended 2026-06-30 per infobox ('Ve funkci: 26. listopadu 2015 – 30. června 2026'). He announced ending all political functions 2026-06-25 amid a controversy over undisclosed apartment ownership in his asset declarations.""}, {""url"": ""https://praha.eu/seznam-zastupitelu"", ""note"": ""praha.eu confirms Prokop on its former-members list (fetched 2026-08-06 via Playwright) — he has left the assembly entirely, not merely changed party status (contrast with Kordová Marvanová below, who remains a current assembly member).""}]"
praha:membership:jiri-ptacek:praha:org:zastupitelstvo-hmp,praha:person:jiri-ptacek,praha:org:zastupitelstvo-hmp,2022-11-03,,"[{""url"": ""https://storage.golemio.cz/ckan/obis/Vysledky_hlasovani_ZHMP_2022_-_2026.csv"", ""note"": ""start/end derived from first/last non-empty vote cell for this councilor's column; open end_date = still active as of the last observed session in this export.""}]"
praha:membership:barbora-razga:praha:org:zastupitelstvo-hmp,praha:person:barbora-razga,praha:org:zastupitelstvo-hmp,2022-11-03,,"[{""url"": ""https://storage.golemio.cz/ckan/obis/Vysledky_hlasovani_ZHMP_2022_-_2026.csv"", ""note"": ""start/end derived from first/last non-empty vote cell for this councilor's column; open end_date = still active as of the last observed session in this export.""}]"
praha:membership:adam-scheinherr:praha:org:zastupitelstvo-hmp,praha:person:adam-scheinherr,praha:org:zastupitelstvo-hmp,2022-11-03,,"[{""url"": ""https://storage.golemio.cz/ckan/obis/Vysledky_hlasovani_ZHMP_2022_-_2026.csv"", ""note"": ""start/end derived from first/last non-empty vote cell for this councilor's column; open end_date = still active as of the last observed session in this export.""}]"
praha:membership:martin-sedeke:praha:org:zastupitelstvo-hmp,praha:person:martin-sedeke,praha:org:zastupitelstvo-hmp,2022-11-03,,"[{""url"": ""https://storage.golemio.cz/ckan/obis/Vysledky_hlasovani_ZHMP_2022_-_2026.csv"", ""note"": ""start/end derived from first/last non-empty vote cell for this councilor's column; open end_date = still active as of the last observed session in this export.""}]"
praha:membership:zdenek-seidl:praha:org:zastupitelstvo-hmp,praha:person:zdenek-seidl,praha:org:zastupitelstvo-hmp,2022-11-03,,"[{""url"": ""https://storage.golemio.cz/ckan/obis/Vysledky_hlasovani_ZHMP_2022_-_2026.csv"", ""note"": ""start/end derived from first/last non-empty vote cell for this councilor's column; open end_date = still active as of the last observed session in this export.""}]"
praha:membership:tomas-slabihoudek:praha:org:zastupitelstvo-hmp,praha:person:tomas-slabihoudek,praha:org:zastupitelstvo-hmp,2022-11-03,,"[{""url"": ""https://storage.golemio.cz/ckan/obis/Vysledky_hlasovani_ZHMP_2022_-_2026.csv"", ""note"": ""start/end derived from first/last non-empty vote cell for this councilor's column; open end_date = still active as of the last observed session in this export.""}]"
praha:membership:bara-soukup:praha:org:zastupitelstvo-hmp,praha:person:bara-soukup,praha:org:zastupitelstvo-hmp,2022-11-03,,"[{""url"": ""https://storage.golemio.cz/ckan/obis/Vysledky_hlasovani_ZHMP_2022_-_2026.csv"", ""note"": ""start/end derived from first/last non-empty vote cell for this councilor's column; open end_date = still active as of the last observed session in this export.""}]"
praha:membership:bohuslav-svoboda:praha:org:zastupitelstvo-hmp,praha:person:bohuslav-svoboda,praha:org:zastupitelstvo-hmp,2022-11-03,,"[{""url"": ""https://storage.golemio.cz/ckan/obis/Vysledky_hlasovani_ZHMP_2022_-_2026.csv"", ""note"": ""start/end derived from first/last non-empty vote cell for this councilor's column; open end_date = still active as of the last observed session in this export.""}]"
praha:membership:eva-tylova:praha:org:zastupitelstvo-hmp,praha:person:eva-tylova,praha:org:zastupitelstvo-hmp,2022-11-03,,"[{""url"": ""https://storage.golemio.cz/ckan/obis/Vysledky_hlasovani_ZHMP_2022_-_2026.csv"", ""note"": ""start/end derived from first/last non-empty vote cell for this councilor's column; open end_date = still active as of the last observed session in this export.""}]"
praha:membership:hana-trestikova:praha:org:zastupitelstvo-hmp,praha:person:hana-trestikova,praha:org:zastupitelstvo-hmp,2022-11-03,,"[{""url"": ""https://storage.golemio.cz/ckan/obis/Vysledky_hlasovani_ZHMP_2022_-_2026.csv"", ""note"": ""start/end derived from first/last non-empty vote cell for this councilor's column; open end_date = still active as of the last observed session in this export.""}]"
praha:membership:alexandra-udzenija:praha:org:zastupitelstvo-hmp,praha:person:alexandra-udzenija,praha:org:zastupitelstvo-hmp,2022-11-03,,"[{""url"": ""https://storage.golemio.cz/ckan/obis/Vysledky_hlasovani_ZHMP_2022_-_2026.csv"", ""note"": ""start/end derived from first/last non-empty vote cell for this councilor's column; open end_date = still active as of the last observed session in this export.""}]"
praha:membership:milan-urban:praha:org:zastupitelstvo-hmp,praha:person:milan-urban,praha:org:zastupitelstvo-hmp,2022-11-03,,"[{""url"": ""https://storage.golemio.cz/ckan/obis/Vysledky_hlasovani_ZHMP_2022_-_2026.csv"", ""note"": ""start/end derived from first/last non-empty vote cell for this councilor's column; open end_date = still active as of the last observed session in this export.""}]"
praha:membership:magdalena-valdmanova:praha:org:zastupitelstvo-hmp,praha:person:magdalena-valdmanova,praha:org:zastupitelstvo-hmp,2022-11-03,,"[{""url"": ""https://storage.golemio.cz/ckan/obis/Vysledky_hlasovani_ZHMP_2022_-_2026.csv"", ""note"": ""start/end derived from first/last non-empty vote cell for this councilor's column; open end_date = still active as of the last observed session in this export.""}]"
praha:membership:lenka-vedralova:praha:org:zastupitelstvo-hmp,praha:person:lenka-vedralova,praha:org:zastupitelstvo-hmp,2022-11-03,,"[{""url"": ""https://storage.golemio.cz/ckan/obis/Vysledky_hlasovani_ZHMP_2022_-_2026.csv"", ""note"": ""start/end derived from first/last non-empty vote cell for this councilor's column; open end_date = still active as of the last observed session in this export.""}]"
praha:membership:david-vodrazka:praha:org:zastupitelstvo-hmp,praha:person:david-vodrazka,praha:org:zastupitelstvo-hmp,2022-11-03,,"[{""url"": ""https://storage.golemio.cz/ckan/obis/Vysledky_hlasovani_ZHMP_2022_-_2026.csv"", ""note"": ""start/end derived from first/last non-empty vote cell for this councilor's column; open end_date = still active as of the last observed session in this export.""}]"
praha:membership:pavel-vyhnanek:praha:org:zastupitelstvo-hmp,praha:person:pavel-vyhnanek,praha:org:zastupitelstvo-hmp,2022-11-03,,"[{""url"": ""https://storage.golemio.cz/ckan/obis/Vysledky_hlasovani_ZHMP_2022_-_2026.csv"", ""note"": ""start/end derived from first/last non-empty vote cell for this councilor's column; open end_date = still active as of the last observed session in this export.""}]"
praha:membership:jan-wolf:praha:org:zastupitelstvo-hmp,praha:person:jan-wolf,praha:org:zastupitelstvo-hmp,2022-11-03,,"[{""url"": ""https://storage.golemio.cz/ckan/obis/Vysledky_hlasovani_ZHMP_2022_-_2026.csv"", ""note"": ""start/end derived from first/last non-empty vote cell for this councilor's column; open end_date = still active as of the last observed session in this export.""}]"
praha:membership:zdenek-zajicek:praha:org:zastupitelstvo-hmp,praha:person:zdenek-zajicek,praha:org:zastupitelstvo-hmp,2022-11-03,,"[{""url"": ""https://storage.golemio.cz/ckan/obis/Vysledky_hlasovani_ZHMP_2022_-_2026.csv"", ""note"": ""start/end derived from first/last non-empty vote cell for this councilor's column; open end_date = still active as of the last observed session in this export.""}]"
praha:membership:pavel-zelenka:praha:org:zastupitelstvo-hmp,praha:person:pavel-zelenka,praha:org:zastupitelstvo-hmp,2022-11-03,,"[{""url"": ""https://storage.golemio.cz/ckan/obis/Vysledky_hlasovani_ZHMP_2022_-_2026.csv"", ""note"": ""start/end derived from first/last non-empty vote cell for this councilor's column; open end_date = still active as of the last observed session in this export.""}]"
praha:membership:petr-zeman:praha:org:zastupitelstvo-hmp,praha:person:petr-zeman,praha:org:zastupitelstvo-hmp,2022-11-03,,"[{""url"": ""https://storage.golemio.cz/ckan/obis/Vysledky_hlasovani_ZHMP_2022_-_2026.csv"", ""note"": ""start/end derived from first/last non-empty vote cell for this councilor's column; open end_date = still active as of the last observed session in this export.""}]"
praha:membership:adam-zabransky:praha:org:zastupitelstvo-hmp,praha:person:adam-zabransky,praha:org:zastupitelstvo-hmp,2022-11-03,,"[{""url"": ""https://storage.golemio.cz/ckan/obis/Vysledky_hlasovani_ZHMP_2022_-_2026.csv"", ""note"": ""start/end derived from first/last non-empty vote cell for this councilor's column; open end_date = still active as of the last observed session in this export.""}]"
praha:membership:mariana-capkova:praha:org:zastupitelstvo-hmp,praha:person:mariana-capkova,praha:org:zastupitelstvo-hmp,2022-11-03,,"[{""url"": ""https://storage.golemio.cz/ckan/obis/Vysledky_hlasovani_ZHMP_2022_-_2026.csv"", ""note"": ""start/end derived from first/last non-empty vote cell for this councilor's column; open end_date = still active as of the last observed session in this export.""}]"
praha:membership:jan-cizinsky:praha:org:zastupitelstvo-hmp,praha:person:jan-cizinsky,praha:org:zastupitelstvo-hmp,2022-11-03,,"[{""url"": ""https://storage.golemio.cz/ckan/obis/Vysledky_hlasovani_ZHMP_2022_-_2026.csv"", ""note"": ""start/end derived from first/last non-empty vote cell for this councilor's column; open end_date = still active as of the last observed session in this export.""}]"
praha:membership:tomas-kanera:praha:org:zastupitelstvo-hmp,praha:person:tomas-kanera,praha:org:zastupitelstvo-hmp,2025-01-23,,"[{""url"": ""https://storage.golemio.cz/ckan/obis/Vysledky_hlasovani_ZHMP_2022_-_2026.csv"", ""note"": ""start/end derived from first/last non-empty vote cell for this councilor's column; open end_date = still active as of the last observed session in this export.""}]"
praha:membership:jan-cizinsky:praha:org:candidate-list:praha-sobe,praha:person:jan-cizinsky,praha:org:candidate-list:praha-sobe,2022-11-03,,"[{""url"": ""https://www.volby.cz/pls/kv2022/kv111111?xjazyk=CZ&xid=1&xdz=4&xnumnuts=1100&xobec=554782&xstrana=1373&xstat=0&xvyber=0"", ""note"": ""Elected candidate on 'PRAHA SOBĚ' (list poradi=1); start/end mirror this person's zastupitelstvo membership interval (data/memberships.csv).""}]"
praha:membership:hana-trestikova:praha:org:candidate-list:praha-sobe,praha:person:hana-trestikova,praha:org:candidate-list:praha-sobe,2022-11-03,,"[{""url"": ""https://www.volby.cz/pls/kv2022/kv111111?xjazyk=CZ&xid=1&xdz=4&xnumnuts=1100&xobec=554782&xstrana=1373&xstat=0&xvyber=0"", ""note"": ""Elected candidate on 'PRAHA SOBĚ' (list poradi=2); start/end mirror this person's zastupitelstvo membership interval (data/memberships.csv).""}]"
praha:membership:adam-scheinherr:praha:org:candidate-list:praha-sobe,praha:person:adam-scheinherr,praha:org:candidate-list:praha-sobe,2022-11-03,,"[{""url"": ""https://www.volby.cz/pls/kv2022/kv111111?xjazyk=CZ&xid=1&xdz=4&xnumnuts=1100&xobec=554782&xstrana=1373&xstat=0&xvyber=0"", ""note"": ""Elected candidate on 'PRAHA SOBĚ' (list poradi=3); start/end mirror this person's zastupitelstvo membership interval (data/memberships.csv).""}]"
praha:membership:mariana-capkova:praha:org:candidate-list:praha-sobe,praha:person:mariana-capkova,praha:org:candidate-list:praha-sobe,2022-11-03,,"[{""url"": ""https://www.volby.cz/pls/kv2022/kv111111?xjazyk=CZ&xid=1&xdz=4&xnumnuts=1100&xobec=554782&xstrana=1373&xstat=0&xvyber=0"", ""note"": ""Elected candidate on 'PRAHA SOBĚ' (list poradi=4); start/end mirror this person's zastupitelstvo membership interval (data/memberships.csv).""}]"
praha:membership:pavel-vyhnanek:praha:org:candidate-list:praha-sobe,praha:person:pavel-vyhnanek,praha:org:candidate-list:praha-sobe,2022-11-03,,"[{""url"": ""https://www.volby.cz/pls/kv2022/kv111111?xjazyk=CZ&xid=1&xdz=4&xnumnuts=1100&xobec=554782&xstrana=1373&xstat=0&xvyber=0"", ""note"": ""Elected candidate on 'PRAHA SOBĚ' (list poradi=5); start/end mirror this person's zastupitelstvo membership interval (data/memberships.csv).""}]"
praha:membership:petr-zeman:praha:org:candidate-list:praha-sobe,praha:person:petr-zeman,praha:org:candidate-list:praha-sobe,2022-11-03,,"[{""url"": ""https://www.volby.cz/pls/kv2022/kv111111?xjazyk=CZ&xid=1&xdz=4&xnumnuts=1100&xobec=554782&xstrana=1373&xstat=0&xvyber=0"", ""note"": ""Elected candidate on 'PRAHA SOBĚ' (list poradi=6); start/end mirror this person's zastupitelstvo membership interval (data/memberships.csv).""}]"
praha:membership:pavel-zelenka:praha:org:candidate-list:praha-sobe,praha:person:pavel-zelenka,praha:org:candidate-list:praha-sobe,2022-11-03,,"[{""url"": ""https://www.volby.cz/pls/kv2022/kv111111?xjazyk=CZ&xid=1&xdz=4&xnumnuts=1100&xobec=554782&xstrana=1373&xstat=0&xvyber=0"", ""note"": ""Elected candidate on 'PRAHA SOBĚ' (list poradi=7); start/end mirror this person's zastupitelstvo membership interval (data/memberships.csv).""}]"
praha:membership:kamila-matejkova:praha:org:candidate-list:praha-sobe,praha:person:kamila-matejkova,praha:org:candidate-list:praha-sobe,2022-11-03,,"[{""url"": ""https://www.volby.cz/pls/kv2022/kv111111?xjazyk=CZ&xid=1&xdz=4&xnumnuts=1100&xobec=554782&xstrana=1373&xstat=0&xvyber=0"", ""note"": ""Elected candidate on 'PRAHA SOBĚ' (list poradi=8); start/end mirror this person's zastupitelstvo membership interval (data/memberships.csv).""}]"
praha:membership:jiri-knitl:praha:org:candidate-list:praha-sobe,praha:person:jiri-knitl,praha:org:candidate-list:praha-sobe,2022-11-03,,"[{""url"": ""https://www.volby.cz/pls/kv2022/kv111111?xjazyk=CZ&xid=1&xdz=4&xnumnuts=1100&xobec=554782&xstrana=1373&xstat=0&xvyber=0"", ""note"": ""Elected candidate on 'PRAHA SOBĚ' (list poradi=9); start/end mirror this person's zastupitelstvo membership interval (data/memberships.csv).""}]"
praha:membership:kristyna-drapalova:praha:org:candidate-list:praha-sobe,praha:person:kristyna-drapalova,praha:org:candidate-list:praha-sobe,2022-11-03,,"[{""url"": ""https://www.volby.cz/pls/kv2022/kv111111?xjazyk=CZ&xid=1&xdz=4&xnumnuts=1100&xobec=554782&xstrana=1373&xstat=0&xvyber=0"", ""note"": ""Elected candidate on 'PRAHA SOBĚ' (list poradi=10); start/end mirror this person's zastupitelstvo membership interval (data/memberships.csv).""}]"
praha:membership:vladan-broz:praha:org:candidate-list:praha-sobe,praha:person:vladan-broz,praha:org:candidate-list:praha-sobe,2022-11-03,,"[{""url"": ""https://www.volby.cz/pls/kv2022/kv111111?xjazyk=CZ&xid=1&xdz=4&xnumnuts=1100&xobec=554782&xstrana=1373&xstat=0&xvyber=0"", ""note"": ""Elected candidate on 'PRAHA SOBĚ' (list poradi=11); start/end mirror this person's zastupitelstvo membership interval (data/memberships.csv).""}]"
praha:membership:petr-hlavacek:praha:org:candidate-list:starostove-a-nezavisli,praha:person:petr-hlavacek,praha:org:candidate-list:starostove-a-nezavisli,2022-11-03,,"[{""url"": ""https://www.volby.cz/pls/kv2022/kv111111?xjazyk=CZ&xid=1&xdz=4&xnumnuts=1100&xobec=554782&xstrana=166&xstat=0&xvyber=0"", ""note"": ""Elected candidate on 'STAROSTOVÉ A NEZÁVISLÍ' (list poradi=1); start/end mirror this person's zastupitelstvo membership interval (data/memberships.csv).""}]"
praha:membership:katerina-arnotova:praha:org:candidate-list:starostove-a-nezavisli,praha:person:katerina-arnotova,praha:org:candidate-list:starostove-a-nezavisli,2022-11-03,,"[{""url"": ""https://www.volby.cz/pls/kv2022/kv111111?xjazyk=CZ&xid=1&xdz=4&xnumnuts=1100&xobec=554782&xstrana=166&xstat=0&xvyber=0"", ""note"": ""Elected candidate on 'STAROSTOVÉ A NEZÁVISLÍ' (list poradi=2); start/end mirror this person's zastupitelstvo membership interval (data/memberships.csv).""}]"
praha:membership:antonin-klecanda:praha:org:candidate-list:starostove-a-nezavisli,praha:person:antonin-klecanda,praha:org:candidate-list:starostove-a-nezavisli,2022-11-03,,"[{""url"": ""https://www.volby.cz/pls/kv2022/kv111111?xjazyk=CZ&xid=1&xdz=4&xnumnuts=1100&xobec=554782&xstrana=166&xstat=0&xvyber=0"", ""note"": ""Elected candidate on 'STAROSTOVÉ A NEZÁVISLÍ' (list poradi=3); start/end mirror this person's zastupitelstvo membership interval (data/memberships.csv).""}]"
praha:membership:david-prochazka:praha:org:candidate-list:starostove-a-nezavisli,praha:person:david-prochazka,praha:org:candidate-list:starostove-a-nezavisli,2022-11-03,2025-03-27,"[{""url"": ""https://www.volby.cz/pls/kv2022/kv111111?xjazyk=CZ&xid=1&xdz=4&xnumnuts=1100&xobec=554782&xstrana=166&xstat=0&xvyber=0"", ""note"": ""Elected candidate on 'STAROSTOVÉ A NEZÁVISLÍ' (list poradi=4); start/end mirror this person's zastupitelstvo membership interval (data/memberships.csv).""}]"
praha:membership:zuzana-hamanova:praha:org:candidate-list:starostove-a-nezavisli,praha:person:zuzana-hamanova,praha:org:candidate-list:starostove-a-nezavisli,2022-11-03,,"[{""url"": ""https://www.volby.cz/pls/kv2022/kv111111?xjazyk=CZ&xid=1&xdz=4&xnumnuts=1100&xobec=554782&xstrana=166&xstat=0&xvyber=0"", ""note"": ""Elected candidate on 'STAROSTOVÉ A NEZÁVISLÍ' (list poradi=7); start/end mirror this person's zastupitelstvo membership interval (data/memberships.csv).""}]"
praha:membership:zdenek-hrib:praha:org:candidate-list:ceska-piratska-strana,praha:person:zdenek-hrib,praha:org:candidate-list:ceska-piratska-strana,2022-11-03,,"[{""url"": ""https://www.volby.cz/pls/kv2022/kv111111?xjazyk=CZ&xid=1&xdz=4&xnumnuts=1100&xobec=554782&xstrana=720&xstat=0&xvyber=0"", ""note"": ""Elected candidate on 'Česká pirátská strana' (list poradi=1); start/end mirror this person's zastupitelstvo membership interval (data/memberships.csv).""}]"
praha:membership:jana-komrskova:praha:org:candidate-list:ceska-piratska-strana,praha:person:jana-komrskova,praha:org:candidate-list:ceska-piratska-strana,2022-11-03,,"[{""url"": ""https://www.volby.cz/pls/kv2022/kv111111?xjazyk=CZ&xid=1&xdz=4&xnumnuts=1100&xobec=554782&xstrana=720&xstat=0&xvyber=0"", ""note"": ""Elected candidate on 'Česká pirátská strana' (list poradi=2); start/end mirror this person's zastupitelstvo membership interval (data/memberships.csv).""}]"
praha:membership:adam-zabransky:praha:org:candidate-list:ceska-piratska-strana,praha:person:adam-zabransky,praha:org:candidate-list:ceska-piratska-strana,2022-11-03,,"[{""url"": ""https://www.volby.cz/pls/kv2022/kv111111?xjazyk=CZ&xid=1&xdz=4&xnumnuts=1100&xobec=554782&xstrana=720&xstat=0&xvyber=0"", ""note"": ""Elected candidate on 'Česká pirátská strana' (list poradi=3); start/end mirror this person's zastupitelstvo membership interval (data/memberships.csv).""}]"
praha:membership:magdalena-valdmanova:praha:org:candidate-list:ceska-piratska-strana,praha:person:magdalena-valdmanova,praha:org:candidate-list:ceska-piratska-strana,2022-11-03,,"[{""url"": ""https://www.volby.cz/pls/kv2022/kv111111?xjazyk=CZ&xid=1&xdz=4&xnumnuts=1100&xobec=554782&xstrana=720&xstat=0&xvyber=0"", ""note"": ""Elected candidate on 'Česká pirátská strana' (list poradi=4); start/end mirror this person's zastupitelstvo membership interval (data/memberships.csv).""}]"
praha:membership:daniel-mazur:praha:org:candidate-list:ceska-piratska-strana,praha:person:daniel-mazur,praha:org:candidate-list:ceska-piratska-strana,2022-11-03,,"[{""url"": ""https://www.volby.cz/pls/kv2022/kv111111?xjazyk=CZ&xid=1&xdz=4&xnumnuts=1100&xobec=554782&xstrana=720&xstat=0&xvyber=0"", ""note"": ""Elected candidate on 'Česká pirátská strana' (list poradi=5); start/end mirror this person's zastupitelstvo membership interval (data/memberships.csv).""}]"
praha:membership:viktor-mahrik:praha:org:candidate-list:ceska-piratska-strana,praha:person:viktor-mahrik,praha:org:candidate-list:ceska-piratska-strana,2022-11-03,,"[{""url"": ""https://www.volby.cz/pls/kv2022/kv111111?xjazyk=CZ&xid=1&xdz=4&xnumnuts=1100&xobec=554782&xstrana=720&xstat=0&xvyber=0"", ""note"": ""Elected candidate on 'Česká pirátská strana' (list poradi=6); start/end mirror this person's zastupitelstvo membership interval (data/memberships.csv).""}]"
praha:membership:eva-tylova:praha:org:candidate-list:ceska-piratska-strana,praha:person:eva-tylova,praha:org:candidate-list:ceska-piratska-strana,2022-11-03,,"[{""url"": ""https://www.volby.cz/pls/kv2022/kv111111?xjazyk=CZ&xid=1&xdz=4&xnumnuts=1100&xobec=554782&xstrana=720&xstat=0&xvyber=0"", ""note"": ""Elected candidate on 'Česká pirátská strana' (list poradi=7); start/end mirror this person's zastupitelstvo membership interval (data/memberships.csv).""}]"
praha:membership:bara-soukup:praha:org:candidate-list:ceska-piratska-strana,praha:person:bara-soukup,praha:org:candidate-list:ceska-piratska-strana,2022-11-03,,"[{""url"": ""https://www.volby.cz/pls/kv2022/kv111111?xjazyk=CZ&xid=1&xdz=4&xnumnuts=1100&xobec=554782&xstrana=720&xstat=0&xvyber=0"", ""note"": ""Elected candidate on 'Česká pirátská strana' (list poradi=8); start/end mirror this person's zastupitelstvo membership interval (data/memberships.csv).""}]"
praha:membership:jiri-bruzek:praha:org:candidate-list:ceska-piratska-strana,praha:person:jiri-bruzek,praha:org:candidate-list:ceska-piratska-strana,2022-11-03,,"[{""url"": ""https://www.volby.cz/pls/kv2022/kv111111?xjazyk=CZ&xid=1&xdz=4&xnumnuts=1100&xobec=554782&xstrana=720&xstat=0&xvyber=0"", ""note"": ""Elected candidate on 'Česká pirátská strana' (list poradi=9); start/end mirror this person's zastupitelstvo membership interval (data/memberships.csv).""}]"
praha:membership:zuzana-freitas:praha:org:candidate-list:ceska-piratska-strana,praha:person:zuzana-freitas,praha:org:candidate-list:ceska-piratska-strana,2022-11-03,,"[{""url"": ""https://www.volby.cz/pls/kv2022/kv111111?xjazyk=CZ&xid=1&xdz=4&xnumnuts=1100&xobec=554782&xstrana=720&xstat=0&xvyber=0"", ""note"": ""Elected candidate on 'Česká pirátská strana' (list poradi=10); start/end mirror this person's zastupitelstvo membership interval (data/memberships.csv).""}]"
praha:membership:gabriela-lnenickova:praha:org:candidate-list:ceska-piratska-strana,praha:person:gabriela-lnenickova,praha:org:candidate-list:ceska-piratska-strana,2022-11-03,,"[{""url"": ""https://www.volby.cz/pls/kv2022/kv111111?xjazyk=CZ&xid=1&xdz=4&xnumnuts=1100&xobec=554782&xstrana=720&xstat=0&xvyber=0"", ""note"": ""Elected candidate on 'Česká pirátská strana' (list poradi=11); start/end mirror this person's zastupitelstvo membership interval (data/memberships.csv).""}]"
praha:membership:jaromir-beranek:praha:org:candidate-list:ceska-piratska-strana,praha:person:jaromir-beranek,praha:org:candidate-list:ceska-piratska-strana,2022-11-03,,"[{""url"": ""https://www.volby.cz/pls/kv2022/kv111111?xjazyk=CZ&xid=1&xdz=4&xnumnuts=1100&xobec=554782&xstrana=720&xstat=0&xvyber=0"", ""note"": ""Elected candidate on 'Česká pirátská strana' (list poradi=12); start/end mirror this person's zastupitelstvo membership interval (data/memberships.csv).""}]"
praha:membership:david-bodecek:praha:org:candidate-list:ceska-piratska-strana,praha:person:david-bodecek,praha:org:candidate-list:ceska-piratska-strana,2022-11-03,,"[{""url"": ""https://www.volby.cz/pls/kv2022/kv111111?xjazyk=CZ&xid=1&xdz=4&xnumnuts=1100&xobec=554782&xstrana=720&xstat=0&xvyber=0"", ""note"": ""Elected candidate on 'Česká pirátská strana' (list poradi=13); start/end mirror this person's zastupitelstvo membership interval (data/memberships.csv).""}]"
praha:membership:bohuslav-svoboda:praha:org:candidate-list:spolu-pro-prahu,praha:person:bohuslav-svoboda,praha:org:candidate-list:spolu-pro-prahu,2022-11-03,,"[{""url"": ""https://www.volby.cz/pls/kv2022/kv111111?xjazyk=CZ&xid=1&xdz=4&xnumnuts=1100&xobec=554782&xstrana=1327&xstat=0&xvyber=0"", ""note"": ""Elected candidate on 'SPOLU pro Prahu' (list poradi=1); start/end mirror this person's zastupitelstvo membership interval (data/memberships.csv).""}]"
praha:membership:jiri-pospisil:praha:org:candidate-list:spolu-pro-prahu,praha:person:jiri-pospisil,praha:org:candidate-list:spolu-pro-prahu,2022-11-03,,"[{""url"": ""https://www.volby.cz/pls/kv2022/kv111111?xjazyk=CZ&xid=1&xdz=4&xnumnuts=1100&xobec=554782&xstrana=1327&xstat=0&xvyber=0"", ""note"": ""Elected candidate on 'SPOLU pro Prahu' (list poradi=2); start/end mirror this person's zastupitelstvo membership interval (data/memberships.csv).""}]"
praha:membership:zdenek-zajicek:praha:org:candidate-list:spolu-pro-prahu,praha:person:zdenek-zajicek,praha:org:candidate-list:spolu-pro-prahu,2022-11-03,,"[{""url"": ""https://www.volby.cz/pls/kv2022/kv111111?xjazyk=CZ&xid=1&xdz=4&xnumnuts=1100&xobec=554782&xstrana=1327&xstat=0&xvyber=0"", ""note"": ""Elected candidate on 'SPOLU pro Prahu' (list poradi=3); start/end mirror this person's zastupitelstvo membership interval (data/memberships.csv).""}]"
praha:membership:jan-wolf:praha:org:candidate-list:spolu-pro-prahu,praha:person:jan-wolf,praha:org:candidate-list:spolu-pro-prahu,2022-11-03,,"[{""url"": ""https://www.volby.cz/pls/kv2022/kv111111?xjazyk=CZ&xid=1&xdz=4&xnumnuts=1100&xobec=554782&xstrana=1327&xstat=0&xvyber=0"", ""note"": ""Elected candidate on 'SPOLU pro Prahu' (list poradi=4); start/end mirror this person's zastupitelstvo membership interval (data/memberships.csv).""}]"
praha:membership:michal-hroza:praha:org:candidate-list:spolu-pro-prahu,praha:person:michal-hroza,praha:org:candidate-list:spolu-pro-prahu,2022-11-03,,"[{""url"": ""https://www.volby.cz/pls/kv2022/kv111111?xjazyk=CZ&xid=1&xdz=4&xnumnuts=1100&xobec=554782&xstrana=1327&xstat=0&xvyber=0"", ""note"": ""Elected candidate on 'SPOLU pro Prahu' (list poradi=5); start/end mirror this person's zastupitelstvo membership interval (data/memberships.csv).""}]"
praha:membership:alexandra-udzenija:praha:org:candidate-list:spolu-pro-prahu,praha:person:alexandra-udzenija,praha:org:candidate-list:spolu-pro-prahu,2022-11-03,,"[{""url"": ""https://www.volby.cz/pls/kv2022/kv111111?xjazyk=CZ&xid=1&xdz=4&xnumnuts=1100&xobec=554782&xstrana=1327&xstat=0&xvyber=0"", ""note"": ""Elected candidate on 'SPOLU pro Prahu' (list poradi=6); start/end mirror this person's zastupitelstvo membership interval (data/memberships.csv).""}]"
praha:membership:tomas-portlik:praha:org:candidate-list:spolu-pro-prahu,praha:person:tomas-portlik,praha:org:candidate-list:spolu-pro-prahu,2022-11-03,,"[{""url"": ""https://www.volby.cz/pls/kv2022/kv111111?xjazyk=CZ&xid=1&xdz=4&xnumnuts=1100&xobec=554782&xstrana=1327&xstat=0&xvyber=0"", ""note"": ""Elected candidate on 'SPOLU pro Prahu' (list poradi=7); start/end mirror this person's zastupitelstvo membership interval (data/memberships.csv).""}]"
praha:membership:jan-chabr:praha:org:candidate-list:spolu-pro-prahu,praha:person:jan-chabr,praha:org:candidate-list:spolu-pro-prahu,2022-11-03,,"[{""url"": ""https://www.volby.cz/pls/kv2022/kv111111?xjazyk=CZ&xid=1&xdz=4&xnumnuts=1100&xobec=554782&xstrana=1327&xstat=0&xvyber=0"", ""note"": ""Elected candidate on 'SPOLU pro Prahu' (list poradi=8); start/end mirror this person's zastupitelstvo membership interval (data/memberships.csv).""}]"
praha:membership:zdenek-kovarik:praha:org:candidate-list:spolu-pro-prahu,praha:person:zdenek-kovarik,praha:org:candidate-list:spolu-pro-prahu,2022-11-03,,"[{""url"": ""https://www.volby.cz/pls/kv2022/kv111111?xjazyk=CZ&xid=1&xdz=4&xnumnuts=1100&xobec=554782&xstrana=1327&xstat=0&xvyber=0"", ""note"": ""Elected candidate on 'SPOLU pro Prahu' (list poradi=9); start/end mirror this person's zastupitelstvo membership interval (data/memberships.csv).""}]"
praha:membership:jiri-ptacek:praha:org:candidate-list:spolu-pro-prahu,praha:person:jiri-ptacek,praha:org:candidate-list:spolu-pro-prahu,2022-11-03,,"[{""url"": ""https://www.volby.cz/pls/kv2022/kv111111?xjazyk=CZ&xid=1&xdz=4&xnumnuts=1100&xobec=554782&xstrana=1327&xstat=0&xvyber=0"", ""note"": ""Elected candidate on 'SPOLU pro Prahu' (list poradi=10); start/end mirror this person's zastupitelstvo membership interval (data/memberships.csv).""}]"
praha:membership:david-vodrazka:praha:org:candidate-list:spolu-pro-prahu,praha:person:david-vodrazka,praha:org:candidate-list:spolu-pro-prahu,2022-11-03,,"[{""url"": ""https://www.volby.cz/pls/kv2022/kv111111?xjazyk=CZ&xid=1&xdz=4&xnumnuts=1100&xobec=554782&xstrana=1327&xstat=0&xvyber=0"", ""note"": ""Elected candidate on 'SPOLU pro Prahu' (list poradi=11); start/end mirror this person's zastupitelstvo membership interval (data/memberships.csv).""}]"
praha:membership:lucie-kubesa:praha:org:candidate-list:spolu-pro-prahu,praha:person:lucie-kubesa,praha:org:candidate-list:spolu-pro-prahu,2022-11-03,,"[{""url"": ""https://www.volby.cz/pls/kv2022/kv111111?xjazyk=CZ&xid=1&xdz=4&xnumnuts=1100&xobec=554782&xstrana=1327&xstat=0&xvyber=0"", ""note"": ""Elected candidate on 'SPOLU pro Prahu' (list poradi=12); start/end mirror this person's zastupitelstvo membership interval (data/memberships.csv).""}]"
praha:membership:jakub-leps:praha:org:candidate-list:spolu-pro-prahu,praha:person:jakub-leps,praha:org:candidate-list:spolu-pro-prahu,2022-11-03,,"[{""url"": ""https://www.volby.cz/pls/kv2022/kv111111?xjazyk=CZ&xid=1&xdz=4&xnumnuts=1100&xobec=554782&xstrana=1327&xstat=0&xvyber=0"", ""note"": ""Elected candidate on 'SPOLU pro Prahu' (list poradi=13); start/end mirror this person's zastupitelstvo membership interval (data/memberships.csv).""}]"
praha:membership:martin-sedeke:praha:org:candidate-list:spolu-pro-prahu,praha:person:martin-sedeke,praha:org:candidate-list:spolu-pro-prahu,2022-11-03,,"[{""url"": ""https://www.volby.cz/pls/kv2022/kv111111?xjazyk=CZ&xid=1&xdz=4&xnumnuts=1100&xobec=554782&xstrana=1327&xstat=0&xvyber=0"", ""note"": ""Elected candidate on 'SPOLU pro Prahu' (list poradi=14); start/end mirror this person's zastupitelstvo membership interval (data/memberships.csv).""}]"
praha:membership:pavel-mares:praha:org:candidate-list:spolu-pro-prahu,praha:person:pavel-mares,praha:org:candidate-list:spolu-pro-prahu,2022-11-03,,"[{""url"": ""https://www.volby.cz/pls/kv2022/kv111111?xjazyk=CZ&xid=1&xdz=4&xnumnuts=1100&xobec=554782&xstrana=1327&xstat=0&xvyber=0"", ""note"": ""Elected candidate on 'SPOLU pro Prahu' (list poradi=15); start/end mirror this person's zastupitelstvo membership interval (data/memberships.csv).""}]"
praha:membership:hana-marvanova:praha:org:candidate-list:spolu-pro-prahu,praha:person:hana-marvanova,praha:org:candidate-list:spolu-pro-prahu,2022-11-03,2023-02-17,"[{""url"": ""https://www.volby.cz/pls/kv2022/kv111111?xjazyk=CZ&xid=1&xdz=4&xnumnuts=1100&xobec=554782&xstrana=1327&xstat=0&xvyber=0"", ""note"": ""Elected candidate on 'SPOLU pro Prahu' (list poradi=16); start_date mirrors this person's zastupitelstvo membership interval (data/memberships.csv).""}, {""url"": ""https://cs.wikipedia.org/wiki/Hana_Kordov%C3%A1_Marvanov%C3%A1"", ""note"": ""'...vyloučil ji dne 17. února 2023 ze svých řad pražský zastupitelský klub koalice SPOLU' — the SPOLU pro Prahu klub formally excluded her on 2023-02-17 after she did not support Bohuslav Svoboda's primátor candidacy at the December 2022 constituting session. She has sat as an independent ('nezávislá') assembly member since. NOTE: this end_date reflects her live klub/party status (per this project's D7 rule, preferred when scrapable — now that praha.eu is confirmed scrapable via Playwright), which is a distinct concept from 'candidate_list' origin; documented here rather than silently reclassified, since D7 explicitly distinguishes the two.""}, {""url"": ""https://www.forum24.cz/hana-kordova-marvanova-konci-v-prazskem-spolu-klub-ji-vyloucil-protoze-nepodporila-vznik-koalice/"", ""note"": ""Contemporary news report (published 2023-02-17) of the exclusion, corroborating the Wikipedia date.""}, {""url"": ""https://praha.eu/seznam-zastupitelu"", ""note"": ""praha.eu confirms she remains a CURRENT assembly member as of fetch 2026-08-06, listed as 'Nezařazení' (independent/unaffiliated) — her zastupitelstvo-hmp membership is intentionally left untouched (open end_date), only this candidate-list membership is closed.""}]"
praha:membership:tomas-pek:praha:org:candidate-list:spolu-pro-prahu,praha:person:tomas-pek,praha:org:candidate-list:spolu-pro-prahu,2022-11-03,,"[{""url"": ""https://www.volby.cz/pls/kv2022/kv111111?xjazyk=CZ&xid=1&xdz=4&xnumnuts=1100&xobec=554782&xstrana=1327&xstat=0&xvyber=0"", ""note"": ""Elected candidate on 'SPOLU pro Prahu' (list poradi=17); start/end mirror this person's zastupitelstvo membership interval (data/memberships.csv).""}]"
praha:membership:tomas-kastovsky:praha:org:candidate-list:spolu-pro-prahu,praha:person:tomas-kastovsky,praha:org:candidate-list:spolu-pro-prahu,2022-11-03,,"[{""url"": ""https://www.volby.cz/pls/kv2022/kv111111?xjazyk=CZ&xid=1&xdz=4&xnumnuts=1100&xobec=554782&xstrana=1327&xstat=0&xvyber=0"", ""note"": ""Elected candidate on 'SPOLU pro Prahu' (list poradi=18); start/end mirror this person's zastupitelstvo membership interval (data/memberships.csv).""}]"
praha:membership:tomas-slabihoudek:praha:org:candidate-list:spolu-pro-prahu,praha:person:tomas-slabihoudek,praha:org:candidate-list:spolu-pro-prahu,2022-11-03,,"[{""url"": ""https://www.volby.cz/pls/kv2022/kv111111?xjazyk=CZ&xid=1&xdz=4&xnumnuts=1100&xobec=554782&xstrana=1327&xstat=0&xvyber=0"", ""note"": ""Elected candidate on 'SPOLU pro Prahu' (list poradi=19); start/end mirror this person's zastupitelstvo membership interval (data/memberships.csv).""}]"
praha:membership:milan-urban:praha:org:candidate-list:spd-trik-pes-a-nez-pro-prahu,praha:person:milan-urban,praha:org:candidate-list:spd-trik-pes-a-nez-pro-prahu,2022-11-03,,"[{""url"": ""https://www.volby.cz/pls/kv2022/kv111111?xjazyk=CZ&xid=1&xdz=4&xnumnuts=1100&xobec=554782&xstrana=1545&xstat=0&xvyber=0"", ""note"": ""Elected candidate on 'SPD,Trik.,PES a nez. pro Prahu' (list poradi=1); start/end mirror this person's zastupitelstvo membership interval (data/memberships.csv).""}]"
praha:membership:josef-nerusil:praha:org:candidate-list:spd-trik-pes-a-nez-pro-prahu,praha:person:josef-nerusil,praha:org:candidate-list:spd-trik-pes-a-nez-pro-prahu,2022-11-03,2026-03-26,"[{""url"": ""https://www.volby.cz/pls/kv2022/kv111111?xjazyk=CZ&xid=1&xdz=4&xnumnuts=1100&xobec=554782&xstrana=1545&xstat=0&xvyber=0"", ""note"": ""Elected candidate on 'SPD,Trik.,PES a nez. pro Prahu' (list poradi=2); start/end mirror this person's zastupitelstvo membership interval (data/memberships.csv).""}]"
praha:membership:zdenek-seidl:praha:org:candidate-list:spd-trik-pes-a-nez-pro-prahu,praha:person:zdenek-seidl,praha:org:candidate-list:spd-trik-pes-a-nez-pro-prahu,2022-11-03,,"[{""url"": ""https://www.volby.cz/pls/kv2022/kv111111?xjazyk=CZ&xid=1&xdz=4&xnumnuts=1100&xobec=554782&xstrana=1545&xstat=0&xvyber=0"", ""note"": ""Elected candidate on 'SPD,Trik.,PES a nez. pro Prahu' (list poradi=3); start/end mirror this person's zastupitelstvo membership interval (data/memberships.csv).""}]"
praha:membership:patrik-nacher:praha:org:candidate-list:ano-2011,praha:person:patrik-nacher,praha:org:candidate-list:ano-2011,2022-11-03,,"[{""url"": ""https://www.volby.cz/pls/kv2022/kv111111?xjazyk=CZ&xid=1&xdz=4&xnumnuts=1100&xobec=554782&xstrana=768&xstat=0&xvyber=0"", ""note"": ""Elected candidate on 'ANO 2011' (list poradi=1); start/end mirror this person's zastupitelstvo membership interval (data/memberships.csv).""}]"
praha:membership:ondrej-prokop:praha:org:candidate-list:ano-2011,praha:person:ondrej-prokop,praha:org:candidate-list:ano-2011,2022-11-03,2026-06-30,"[{""url"": ""https://www.volby.cz/pls/kv2022/kv111111?xjazyk=CZ&xid=1&xdz=4&xnumnuts=1100&xobec=554782&xstrana=768&xstat=0&xvyber=0"", ""note"": ""Elected candidate on 'ANO 2011' (list poradi=2); start/end mirror this person's zastupitelstvo membership interval (data/memberships.csv).""}, {""url"": ""https://cs.wikipedia.org/wiki/Ond%C5%99ej_Prokop"", ""note"": ""Mandate formally ended 2026-06-30 (see the zastupitelstvo membership row's sources for the full citation).""}, {""url"": ""https://praha.eu/seznam-zastupitelu"", ""note"": ""praha.eu confirms Prokop on its former-members list (fetched 2026-08-06).""}]"
praha:membership:barbora-razga:praha:org:candidate-list:ano-2011,praha:person:barbora-razga,praha:org:candidate-list:ano-2011,2022-11-03,,"[{""url"": ""https://www.volby.cz/pls/kv2022/kv111111?xjazyk=CZ&xid=1&xdz=4&xnumnuts=1100&xobec=554782&xstrana=768&xstat=0&xvyber=0"", ""note"": ""Elected candidate on 'ANO 2011' (list poradi=3); start/end mirror this person's zastupitelstvo membership interval (data/memberships.csv).""}]"
praha:membership:vaclav-bilek:praha:org:candidate-list:ano-2011,praha:person:vaclav-bilek,praha:org:candidate-list:ano-2011,2022-11-03,,"[{""url"": ""https://www.volby.cz/pls/kv2022/kv111111?xjazyk=CZ&xid=1&xdz=4&xnumnuts=1100&xobec=554782&xstrana=768&xstat=0&xvyber=0"", ""note"": ""Elected candidate on 'ANO 2011' (list poradi=4); start/end mirror this person's zastupitelstvo membership interval (data/memberships.csv).""}]"
praha:membership:jan-kolar:praha:org:candidate-list:ano-2011,praha:person:jan-kolar,praha:org:candidate-list:ano-2011,2022-11-03,,"[{""url"": ""https://www.volby.cz/pls/kv2022/kv111111?xjazyk=CZ&xid=1&xdz=4&xnumnuts=1100&xobec=554782&xstrana=768&xstat=0&xvyber=0"", ""note"": ""Elected candidate on 'ANO 2011' (list poradi=5); start/end mirror this person's zastupitelstvo membership interval (data/memberships.csv).""}]"
praha:membership:martin-benkovic:praha:org:candidate-list:ano-2011,praha:person:martin-benkovic,praha:org:candidate-list:ano-2011,2022-11-03,,"[{""url"": ""https://www.volby.cz/pls/kv2022/kv111111?xjazyk=CZ&xid=1&xdz=4&xnumnuts=1100&xobec=554782&xstrana=768&xstat=0&xvyber=0"", ""note"": ""Elected candidate on 'ANO 2011' (list poradi=6); start/end mirror this person's zastupitelstvo membership interval (data/memberships.csv).""}]"
praha:membership:radmila-kleslova:praha:org:candidate-list:ano-2011,praha:person:radmila-kleslova,praha:org:candidate-list:ano-2011,2022-11-03,,"[{""url"": ""https://www.volby.cz/pls/kv2022/kv111111?xjazyk=CZ&xid=1&xdz=4&xnumnuts=1100&xobec=554782&xstrana=768&xstat=0&xvyber=0"", ""note"": ""Elected candidate on 'ANO 2011' (list poradi=7); start/end mirror this person's zastupitelstvo membership interval (data/memberships.csv).""}]"
praha:membership:jan-husbauer:praha:org:candidate-list:ano-2011,praha:person:jan-husbauer,praha:org:candidate-list:ano-2011,2022-11-03,,"[{""url"": ""https://www.volby.cz/pls/kv2022/kv111111?xjazyk=CZ&xid=1&xdz=4&xnumnuts=1100&xobec=554782&xstrana=768&xstat=0&xvyber=0"", ""note"": ""Elected candidate on 'ANO 2011' (list poradi=8); start/end mirror this person's zastupitelstvo membership interval (data/memberships.csv).""}]"
praha:membership:radomir-nepil:praha:org:candidate-list:ano-2011,praha:person:radomir-nepil,praha:org:candidate-list:ano-2011,2022-11-03,,"[{""url"": ""https://www.volby.cz/pls/kv2022/kv111111?xjazyk=CZ&xid=1&xdz=4&xnumnuts=1100&xobec=554782&xstrana=768&xstat=0&xvyber=0"", ""note"": ""Elected candidate on 'ANO 2011' (list poradi=9); start/end mirror this person's zastupitelstvo membership interval (data/memberships.csv).""}]"
praha:membership:marcela-plesnikova:praha:org:candidate-list:ano-2011,praha:person:marcela-plesnikova,praha:org:candidate-list:ano-2011,2022-11-03,,"[{""url"": ""https://www.volby.cz/pls/kv2022/kv111111?xjazyk=CZ&xid=1&xdz=4&xnumnuts=1100&xobec=554782&xstrana=768&xstat=0&xvyber=0"", ""note"": ""Elected candidate on 'ANO 2011' (list poradi=10); start/end mirror this person's zastupitelstvo membership interval (data/memberships.csv).""}]"
praha:membership:stanislav-nekolny:praha:org:candidate-list:ano-2011,praha:person:stanislav-nekolny,praha:org:candidate-list:ano-2011,2022-11-03,,"[{""url"": ""https://www.volby.cz/pls/kv2022/kv111111?xjazyk=CZ&xid=1&xdz=4&xnumnuts=1100&xobec=554782&xstrana=768&xstat=0&xvyber=0"", ""note"": ""Elected candidate on 'ANO 2011' (list poradi=11); start/end mirror this person's zastupitelstvo membership interval (data/memberships.csv).""}]"
praha:membership:martin-hrubcik:praha:org:candidate-list:ano-2011,praha:person:martin-hrubcik,praha:org:candidate-list:ano-2011,2022-11-03,2024-12-12,"[{""url"": ""https://www.volby.cz/pls/kv2022/kv111111?xjazyk=CZ&xid=1&xdz=4&xnumnuts=1100&xobec=554782&xstrana=768&xstat=0&xvyber=0"", ""note"": ""Elected candidate on 'ANO 2011' (list poradi=12); start/end mirror this person's zastupitelstvo membership interval (data/memberships.csv).""}]"
praha:membership:marta-gellova:praha:org:candidate-list:ano-2011,praha:person:marta-gellova,praha:org:candidate-list:ano-2011,2022-11-03,,"[{""url"": ""https://www.volby.cz/pls/kv2022/kv111111?xjazyk=CZ&xid=1&xdz=4&xnumnuts=1100&xobec=554782&xstrana=768&xstat=0&xvyber=0"", ""note"": ""Elected candidate on 'ANO 2011' (list poradi=13); start/end mirror this person's zastupitelstvo membership interval (data/memberships.csv).""}]"
praha:membership:lenka-vedralova:praha:org:candidate-list:ano-2011,praha:person:lenka-vedralova,praha:org:candidate-list:ano-2011,2022-11-03,,"[{""url"": ""https://www.volby.cz/pls/kv2022/kv111111?xjazyk=CZ&xid=1&xdz=4&xnumnuts=1100&xobec=554782&xstrana=768&xstat=0&xvyber=0"", ""note"": ""Elected candidate on 'ANO 2011' (list poradi=14); start/end mirror this person's zastupitelstvo membership interval (data/memberships.csv).""}]"
praha:membership:tomas-kanera:praha:org:candidate-list:ano-2011,praha:person:tomas-kanera,praha:org:candidate-list:ano-2011,2025-01-23,,"[{""url"": ""https://www.prazskypatriot.cz/novym-prazskym-zastupitelem-za-ano-se-stal-starosta-prahy-22-tomas-kanera/"", ""note"": ""News confirmation of Kaněra replacing Hrubčík as ANO 2011's Prague councilor.""}, {""url"": ""https://www.volby.cz/pls/kv2022/kv111111?xjazyk=CZ&xid=1&xdz=4&xnumnuts=1100&xobec=554782&xstrana=768&xstat=0&xvyber=0"", ""note"": ""volby.cz ANO 2011 candidate list, row 15 = Kaněra Tomáš (not elected in 2022, i.e. first substitute in line).""}]"
praha:membership:maria-sevcikova:praha:org:zastupitelstvo-hmp,praha:person:maria-sevcikova,praha:org:zastupitelstvo-hmp,2026-06-30,,"[{""url"": ""https://cs.wikipedia.org/wiki/Ond%C5%99ej_Prokop"", ""note"": ""start_date is a proxy, not a directly observed oath date: predecessor Ondřej Prokop's ANO 2011 mandate formally ended 2026-06-30 per this page's infobox ('Ve funkci: 26. listopadu 2015 – 30. června 2026'); no more precise oath-taking date for Ševčíková was discoverable.""}, {""url"": ""https://www.volby.cz/pls/kv2022/kv111111?xjazyk=CZ&xid=1&xdz=4&xnumnuts=1100&xobec=554782&xstrana=768&xstat=0&xvyber=0"", ""note"": ""Ševčíková Mária Mgr., original list position 16, přepočtené pořadí=2 (2nd-in-line non-elected substitute on ANO 2011's 2022 candidate list, not marked '*'/elected in 2022).""}, {""url"": ""https://praha.eu/seznam-zastupitelu"", ""note"": ""Confirmed current ANO 2011 member as of fetch 2026-08-06.""}]"
praha:membership:maria-sevcikova:praha:org:candidate-list:ano-2011,praha:person:maria-sevcikova,praha:org:candidate-list:ano-2011,2026-06-30,,"[{""url"": ""https://www.volby.cz/pls/kv2022/kv111111?xjazyk=CZ&xid=1&xdz=4&xnumnuts=1100&xobec=554782&xstrana=768&xstat=0&xvyber=0"", ""note"": ""Not an originally elected candidate — přepočtené pořadí=2 (2nd-in-line) non-elected substitute on ANO 2011's 2022 list (original list position 16, 70,741 votes); start/end mirror this person's zastupitelstvo membership interval (data/memberships.csv).""}, {""url"": ""https://praha.eu/seznam-zastupitelu"", ""note"": ""Confirmed current ANO 2011 member as of fetch 2026-08-06.""}]"
praha:membership:klara-cingrosova:praha:org:zastupitelstvo-hmp,praha:person:klara-cingrosova,praha:org:zastupitelstvo-hmp,2026-03-26,,"[{""url"": ""https://praha.eu/seznam-zastupitelu"", ""note"": ""start_date is a proxy, not a directly observed oath date: predecessor Josef Nerušil's SPD zastupitelstvo membership (data/memberships.csv) ended 2026-03-26 (derived from the Golemio CSV's last recorded vote for him); no more precise oath-taking date for Cingrošová was discoverable. Confirmed current 'Zastupitelský klub SPD' member as of fetch 2026-08-06.""}, {""url"": ""https://www.volby.cz/pls/kv2022/kv111111?xjazyk=CZ&xid=1&xdz=4&xnumnuts=1100&xobec=554782&xstrana=1545&xstat=0&xvyber=0"", ""note"": ""Cingrošová Klára MUDr., original list position 4, přepočtené pořadí=1 (1st-in-line non-elected substitute on 'SPD,Trik.,PES a nez. pro Prahu''s 2022 candidate list, not marked '*'/elected in 2022).""}]"
praha:membership:klara-cingrosova:praha:org:candidate-list:spd-trik-pes-a-nez-pro-prahu,praha:person:klara-cingrosova,praha:org:candidate-list:spd-trik-pes-a-nez-pro-prahu,2026-03-26,,"[{""url"": ""https://www.volby.cz/pls/kv2022/kv111111?xjazyk=CZ&xid=1&xdz=4&xnumnuts=1100&xobec=554782&xstrana=1545&xstat=0&xvyber=0"", ""note"": ""Not an originally elected candidate — přepočtené pořadí=1 (1st-in-line) non-elected substitute on 'SPD,Trik.,PES a nez. pro Prahu''s 2022 list (original list position 4, 19,666 votes); start/end mirror this person's zastupitelstvo membership interval (data/memberships.csv).""}, {""url"": ""https://praha.eu/seznam-zastupitelu"", ""note"": ""Confirmed current 'Zastupitelský klub SPD' member as of fetch 2026-08-06.""}]"
praha:membership:michal-biskup:praha:org:zastupitelstvo-hmp,praha:person:michal-biskup,praha:org:zastupitelstvo-hmp,2025-04-24,,"[{""url"": ""https://praha.eu/documents/42409/13647403/Stenozapis_zhmp250424-bez-udaju.pdf/f4176e61-3973-74e4-f73b-07527fc9f552?version=1.0&t=1746601671272&download=true"", ""note"": ""Stenographic record of the 2025-04-24 zastupitelstvo session at which Michal Biskup took the councilor's oath, replacing David Procházka (whose own membership ended 2025-03-27 per the Golemio-derived start/end in data/memberships.csv — a ~4-week gap is consistent with convening the next regular session to seat a substitute).""}, {""url"": ""https://prahatv.eu/zprava/michal-biskup-z-hnuti-stan-se-stal-novym-prazskym-zastupitelem/"", ""note"": ""News confirmation (published 2025-04-25) of Biskup replacing Procházka as STAN's Prague councilor.""}, {""url"": ""https://www.volby.cz/pls/kv2022/kv111111?xjazyk=CZ&xid=1&xdz=4&xnumnuts=1100&xobec=554782&xstrana=166&xstat=0&xvyber=0"", ""note"": ""Biskup Michal Ing., original list position 6, přepočtené pořadí=2 non-elected substitute on STAROSTOVÉ A NEZÁVISLÍ's 2022 candidate list (not marked '*'/elected in 2022).""}, {""url"": ""https://praha.eu/seznam-zastupitelu"", ""note"": ""Confirmed current STAN member as of fetch 2026-08-06.""}]"
praha:membership:michal-biskup:praha:org:candidate-list:starostove-a-nezavisli,praha:person:michal-biskup,praha:org:candidate-list:starostove-a-nezavisli,2025-04-24,,"[{""url"": ""https://www.volby.cz/pls/kv2022/kv111111?xjazyk=CZ&xid=1&xdz=4&xnumnuts=1100&xobec=554782&xstrana=166&xstat=0&xvyber=0"", ""note"": ""Not an originally elected candidate — přepočtené pořadí=2 non-elected substitute on STAROSTOVÉ A NEZÁVISLÍ's 2022 list (original list position 6, 30,778 votes); start/end mirror this person's zastupitelstvo membership interval (data/memberships.csv).""}, {""url"": ""https://praha.eu/seznam-zastupitelu"", ""note"": ""Confirmed current STAN member as of fetch 2026-08-06.""}]"
