id,name,given_name,family_name,identifiers,sources
praha:person:katerina-arnotova,Kateřina Arnotová,Kateřina,Arnotová,"[{""scheme"": ""praha:csv_column_header"", ""identifier"": ""Arnotová  Kateřina Mgr.""}, {""scheme"": ""praha:academic_title"", ""identifier"": ""Mgr.""}]","[{""url"": ""https://storage.golemio.cz/ckan/obis/Vysledky_hlasovani_ZHMP_2022_-_2026.csv"", ""note"": ""CSV column header: 'Arnotová  Kateřina Mgr.'""}]"
praha:person:martin-benkovic,Martin Benkovič,Martin,Benkovič,"[{""scheme"": ""praha:csv_column_header"", ""identifier"": ""Benkovič  Martin Mgr.""}, {""scheme"": ""praha:academic_title"", ""identifier"": ""Mgr.""}]","[{""url"": ""https://storage.golemio.cz/ckan/obis/Vysledky_hlasovani_ZHMP_2022_-_2026.csv"", ""note"": ""CSV column header: 'Benkovič  Martin Mgr.'""}]"
praha:person:jaromir-beranek,Jaromír Beránek,Jaromír,Beránek,"[{""scheme"": ""praha:csv_column_header"", ""identifier"": ""Beránek  Jaromír Mgr. Ing.""}, {""scheme"": ""praha:academic_title"", ""identifier"": ""Mgr. Ing.""}]","[{""url"": ""https://storage.golemio.cz/ckan/obis/Vysledky_hlasovani_ZHMP_2022_-_2026.csv"", ""note"": ""CSV column header: 'Beránek  Jaromír Mgr. Ing.'""}]"
praha:person:david-bodecek,David Bodeček,David,Bodeček,"[{""scheme"": ""praha:csv_column_header"", ""identifier"": ""Bodeček  David Mgr. MBA""}, {""scheme"": ""praha:academic_title"", ""identifier"": ""Mgr. MBA""}]","[{""url"": ""https://storage.golemio.cz/ckan/obis/Vysledky_hlasovani_ZHMP_2022_-_2026.csv"", ""note"": ""CSV column header: 'Bodeček  David Mgr. MBA'""}]"
praha:person:vladan-broz,Vladan Brož,Vladan,Brož,"[{""scheme"": ""praha:csv_column_header"", ""identifier"": ""Brož  Vladan Mgr. et Mgr.""}, {""scheme"": ""praha:academic_title"", ""identifier"": ""Mgr. et Mgr.""}]","[{""url"": ""https://storage.golemio.cz/ckan/obis/Vysledky_hlasovani_ZHMP_2022_-_2026.csv"", ""note"": ""CSV column header: 'Brož  Vladan Mgr. et Mgr.'""}]"
praha:person:jiri-bruzek,Jiří Brůžek,Jiří,Brůžek,"[{""scheme"": ""praha:csv_column_header"", ""identifier"": ""Brůžek  Jiří""}]","[{""url"": ""https://storage.golemio.cz/ckan/obis/Vysledky_hlasovani_ZHMP_2022_-_2026.csv"", ""note"": ""CSV column header: 'Brůžek  Jiří'""}]"
praha:person:vaclav-bilek,Václav Bílek,Václav,Bílek,"[{""scheme"": ""praha:csv_column_header"", ""identifier"": ""Bílek  Václav""}]","[{""url"": ""https://storage.golemio.cz/ckan/obis/Vysledky_hlasovani_ZHMP_2022_-_2026.csv"", ""note"": ""CSV column header: 'Bílek  Václav'""}]"
praha:person:jan-chabr,Jan Chabr,Jan,Chabr,"[{""scheme"": ""praha:csv_column_header"", ""identifier"": ""Chabr  Jan Mgr.""}, {""scheme"": ""praha:academic_title"", ""identifier"": ""Mgr.""}]","[{""url"": ""https://storage.golemio.cz/ckan/obis/Vysledky_hlasovani_ZHMP_2022_-_2026.csv"", ""note"": ""CSV column header: 'Chabr  Jan Mgr.'""}]"
praha:person:kristyna-drapalova,Kristýna Drápalová,Kristýna,Drápalová,"[{""scheme"": ""praha:csv_column_header"", ""identifier"": ""Drápalová  Kristýna Mgr.""}, {""scheme"": ""praha:academic_title"", ""identifier"": ""Mgr.""}]","[{""url"": ""https://storage.golemio.cz/ckan/obis/Vysledky_hlasovani_ZHMP_2022_-_2026.csv"", ""note"": ""CSV column header: 'Drápalová  Kristýna Mgr.'""}]"
praha:person:zuzana-freitas,Zuzana Freitas,Zuzana,Freitas,"[{""scheme"": ""praha:csv_column_header"", ""identifier"": ""Freitas  Zuzana  Mgr.""}, {""scheme"": ""praha:academic_title"", ""identifier"": ""Mgr.""}]","[{""url"": ""https://storage.golemio.cz/ckan/obis/Vysledky_hlasovani_ZHMP_2022_-_2026.csv"", ""note"": ""CSV column header: 'Freitas  Zuzana  Mgr.'""}]"
praha:person:marta-gellova,Marta Gellová,Marta,Gellová,"[{""scheme"": ""praha:csv_column_header"", ""identifier"": ""Gellová  Marta Mgr.""}, {""scheme"": ""praha:academic_title"", ""identifier"": ""Mgr.""}]","[{""url"": ""https://storage.golemio.cz/ckan/obis/Vysledky_hlasovani_ZHMP_2022_-_2026.csv"", ""note"": ""CSV column header: 'Gellová  Marta Mgr.'""}]"
praha:person:zuzana-hamanova,Zuzana Hamanová,Zuzana,Hamanová,"[{""scheme"": ""praha:csv_column_header"", ""identifier"": ""Hamanová  Zuzana Ing. arch.""}, {""scheme"": ""praha:academic_title"", ""identifier"": ""Ing. arch.""}]","[{""url"": ""https://storage.golemio.cz/ckan/obis/Vysledky_hlasovani_ZHMP_2022_-_2026.csv"", ""note"": ""CSV column header: 'Hamanová  Zuzana Ing. arch.'""}]"
praha:person:petr-hlavacek,Petr Hlaváček,Petr,Hlaváček,"[{""scheme"": ""praha:csv_column_header"", ""identifier"": ""Hlaváček  Petr doc. Ing. arch.""}, {""scheme"": ""praha:academic_title"", ""identifier"": ""doc. Ing. arch.""}]","[{""url"": ""https://storage.golemio.cz/ckan/obis/Vysledky_hlasovani_ZHMP_2022_-_2026.csv"", ""note"": ""CSV column header: 'Hlaváček  Petr doc. Ing. arch.'""}]"
praha:person:michal-hroza,Michal Hroza,Michal,Hroza,"[{""scheme"": ""praha:csv_column_header"", ""identifier"": ""Hroza  Michal Bc.""}, {""scheme"": ""praha:academic_title"", ""identifier"": ""Bc.""}]","[{""url"": ""https://storage.golemio.cz/ckan/obis/Vysledky_hlasovani_ZHMP_2022_-_2026.csv"", ""note"": ""CSV column header: 'Hroza  Michal Bc.'""}]"
praha:person:martin-hrubcik,Martin Hrubčík,Martin,Hrubčík,"[{""scheme"": ""praha:csv_column_header"", ""identifier"": ""Hrubčík  Martin Mgr. MBA""}, {""scheme"": ""praha:academic_title"", ""identifier"": ""Mgr. MBA""}]","[{""url"": ""https://storage.golemio.cz/ckan/obis/Vysledky_hlasovani_ZHMP_2022_-_2026.csv"", ""note"": ""CSV column header: 'Hrubčík  Martin Mgr. MBA'""}]"
praha:person:jan-husbauer,Jan Hušbauer,Jan,Hušbauer,"[{""scheme"": ""praha:csv_column_header"", ""identifier"": ""Hušbauer  Jan""}]","[{""url"": ""https://storage.golemio.cz/ckan/obis/Vysledky_hlasovani_ZHMP_2022_-_2026.csv"", ""note"": ""CSV column header: 'Hušbauer  Jan'""}]"
praha:person:zdenek-hrib,Zdeněk Hřib,Zdeněk,Hřib,"[{""scheme"": ""praha:csv_column_header"", ""identifier"": ""Hřib  Zdeněk MUDr.""}, {""scheme"": ""praha:academic_title"", ""identifier"": ""MUDr.""}]","[{""url"": ""https://storage.golemio.cz/ckan/obis/Vysledky_hlasovani_ZHMP_2022_-_2026.csv"", ""note"": ""CSV column header: 'Hřib  Zdeněk MUDr.'""}]"
praha:person:tomas-kastovsky,Tomáš Kaštovský,Tomáš,Kaštovský,"[{""scheme"": ""praha:csv_column_header"", ""identifier"": ""Kaštovský  Tomáš MUDr.""}, {""scheme"": ""praha:academic_title"", ""identifier"": ""MUDr.""}]","[{""url"": ""https://storage.golemio.cz/ckan/obis/Vysledky_hlasovani_ZHMP_2022_-_2026.csv"", ""note"": ""CSV column header: 'Kaštovský  Tomáš MUDr.'""}]"
praha:person:antonin-klecanda,Antonín Klecanda,Antonín,Klecanda,"[{""scheme"": ""praha:csv_column_header"", ""identifier"": ""Klecanda  Antonín Mgr. et Mgr. MBA""}, {""scheme"": ""praha:academic_title"", ""identifier"": ""Mgr. et Mgr. MBA""}]","[{""url"": ""https://storage.golemio.cz/ckan/obis/Vysledky_hlasovani_ZHMP_2022_-_2026.csv"", ""note"": ""CSV column header: 'Klecanda  Antonín Mgr. et Mgr. MBA'""}]"
praha:person:radmila-kleslova,Radmila Kleslová,Radmila,Kleslová,"[{""scheme"": ""praha:csv_column_header"", ""identifier"": ""Kleslová  Radmila JUDr.""}, {""scheme"": ""praha:academic_title"", ""identifier"": ""JUDr.""}]","[{""url"": ""https://storage.golemio.cz/ckan/obis/Vysledky_hlasovani_ZHMP_2022_-_2026.csv"", ""note"": ""CSV column header: 'Kleslová  Radmila JUDr.'""}]"
praha:person:jiri-knitl,Jiří Knitl,Jiří,Knitl,"[{""scheme"": ""praha:csv_column_header"", ""identifier"": ""Knitl  Jiří Mgr.""}, {""scheme"": ""praha:academic_title"", ""identifier"": ""Mgr.""}]","[{""url"": ""https://storage.golemio.cz/ckan/obis/Vysledky_hlasovani_ZHMP_2022_-_2026.csv"", ""note"": ""CSV column header: 'Knitl  Jiří Mgr.'""}]"
praha:person:jan-kolar,Jan Kolář,Jan,Kolář,"[{""scheme"": ""praha:csv_column_header"", ""identifier"": ""Kolář  Jan Bc.""}, {""scheme"": ""praha:academic_title"", ""identifier"": ""Bc.""}]","[{""url"": ""https://storage.golemio.cz/ckan/obis/Vysledky_hlasovani_ZHMP_2022_-_2026.csv"", ""note"": ""CSV column header: 'Kolář  Jan Bc.'""}]"
praha:person:jana-komrskova,Jana Komrsková,Jana,Komrsková,"[{""scheme"": ""praha:csv_column_header"", ""identifier"": ""Komrsková  Jana Ing.""}, {""scheme"": ""praha:academic_title"", ""identifier"": ""Ing.""}]","[{""url"": ""https://storage.golemio.cz/ckan/obis/Vysledky_hlasovani_ZHMP_2022_-_2026.csv"", ""note"": ""CSV column header: 'Komrsková  Jana Ing.'""}]"
praha:person:zdenek-kovarik,Zdeněk Kovářík,Zdeněk,Kovářík,"[{""scheme"": ""praha:csv_column_header"", ""identifier"": ""Kovářík  Zdeněk Ing.""}, {""scheme"": ""praha:academic_title"", ""identifier"": ""Ing.""}]","[{""url"": ""https://storage.golemio.cz/ckan/obis/Vysledky_hlasovani_ZHMP_2022_-_2026.csv"", ""note"": ""CSV column header: 'Kovářík  Zdeněk Ing.'""}]"
praha:person:lucie-kubesa,Lucie Kubesa,Lucie,Kubesa,"[{""scheme"": ""praha:csv_column_header"", ""identifier"": ""Kubesa  Lucie""}]","[{""url"": ""https://storage.golemio.cz/ckan/obis/Vysledky_hlasovani_ZHMP_2022_-_2026.csv"", ""note"": ""CSV column header: 'Kubesa  Lucie'""}]"
praha:person:jakub-leps,Jakub Lepš,Jakub,Lepš,"[{""scheme"": ""praha:csv_column_header"", ""identifier"": ""Lepš  Jakub Mgr.""}, {""scheme"": ""praha:academic_title"", ""identifier"": ""Mgr.""}]","[{""url"": ""https://storage.golemio.cz/ckan/obis/Vysledky_hlasovani_ZHMP_2022_-_2026.csv"", ""note"": ""CSV column header: 'Lepš  Jakub Mgr.'""}]"
praha:person:gabriela-lnenickova,Gabriela Lněničková,Gabriela,Lněničková,"[{""scheme"": ""praha:csv_column_header"", ""identifier"": ""Lněničková  Gabriela Ing. MBA""}, {""scheme"": ""praha:academic_title"", ""identifier"": ""Ing. MBA""}]","[{""url"": ""https://storage.golemio.cz/ckan/obis/Vysledky_hlasovani_ZHMP_2022_-_2026.csv"", ""note"": ""CSV column header: 'Lněničková  Gabriela Ing. MBA'""}]"
praha:person:viktor-mahrik,Viktor Mahrik,Viktor,Mahrik,"[{""scheme"": ""praha:csv_column_header"", ""identifier"": ""Mahrik  Viktor""}]","[{""url"": ""https://storage.golemio.cz/ckan/obis/Vysledky_hlasovani_ZHMP_2022_-_2026.csv"", ""note"": ""CSV column header: 'Mahrik  Viktor'""}]"
praha:person:pavel-mares,Pavel Mareš,Pavel,Mareš,"[{""scheme"": ""praha:csv_column_header"", ""identifier"": ""Mareš  Pavel Mgr.""}, {""scheme"": ""praha:academic_title"", ""identifier"": ""Mgr.""}]","[{""url"": ""https://storage.golemio.cz/ckan/obis/Vysledky_hlasovani_ZHMP_2022_-_2026.csv"", ""note"": ""CSV column header: 'Mareš  Pavel Mgr.'""}]"
praha:person:hana-marvanova,Hana Marvanová,Hana,Marvanová,"[{""scheme"": ""praha:csv_column_header"", ""identifier"": ""Marvanová  Hana JUDr.""}, {""scheme"": ""praha:academic_title"", ""identifier"": ""JUDr.""}]","[{""url"": ""https://storage.golemio.cz/ckan/obis/Vysledky_hlasovani_ZHMP_2022_-_2026.csv"", ""note"": ""CSV column header: 'Marvanová  Hana JUDr.'""}]"
praha:person:kamila-matejkova,Kamila Matějková,Kamila,Matějková,"[{""scheme"": ""praha:csv_column_header"", ""identifier"": ""Matějková  Kamila MgA.""}, {""scheme"": ""praha:academic_title"", ""identifier"": ""MgA.""}]","[{""url"": ""https://storage.golemio.cz/ckan/obis/Vysledky_hlasovani_ZHMP_2022_-_2026.csv"", ""note"": ""CSV column header: 'Matějková  Kamila MgA.'""}]"
praha:person:daniel-mazur,Daniel Mazur,Daniel,Mazur,"[{""scheme"": ""praha:csv_column_header"", ""identifier"": ""Mazur  Daniel RNDr. PhD.""}, {""scheme"": ""praha:academic_title"", ""identifier"": ""RNDr. PhD.""}]","[{""url"": ""https://storage.golemio.cz/ckan/obis/Vysledky_hlasovani_ZHMP_2022_-_2026.csv"", ""note"": ""CSV column header: 'Mazur  Daniel RNDr. PhD.'""}]"
praha:person:patrik-nacher,Patrik Nacher,Patrik,Nacher,"[{""scheme"": ""praha:csv_column_header"", ""identifier"": ""Nacher  Patrik Ing.""}, {""scheme"": ""praha:academic_title"", ""identifier"": ""Ing.""}]","[{""url"": ""https://storage.golemio.cz/ckan/obis/Vysledky_hlasovani_ZHMP_2022_-_2026.csv"", ""note"": ""CSV column header: 'Nacher  Patrik Ing.'""}]"
praha:person:stanislav-nekolny,Stanislav Nekolný,Stanislav,Nekolný,"[{""scheme"": ""praha:csv_column_header"", ""identifier"": ""Nekolný  Stanislav  MBA""}, {""scheme"": ""praha:academic_title"", ""identifier"": ""MBA""}]","[{""url"": ""https://storage.golemio.cz/ckan/obis/Vysledky_hlasovani_ZHMP_2022_-_2026.csv"", ""note"": ""CSV column header: 'Nekolný  Stanislav  MBA'""}]"
praha:person:radomir-nepil,Radomír Nepil,Radomír,Nepil,"[{""scheme"": ""praha:csv_column_header"", ""identifier"": ""Nepil  Radomír""}]","[{""url"": ""https://storage.golemio.cz/ckan/obis/Vysledky_hlasovani_ZHMP_2022_-_2026.csv"", ""note"": ""CSV column header: 'Nepil  Radomír'""}]"
praha:person:josef-nerusil,Josef Nerušil,Josef,Nerušil,"[{""scheme"": ""praha:csv_column_header"", ""identifier"": ""Nerušil  Josef Mgr.""}, {""scheme"": ""praha:academic_title"", ""identifier"": ""Mgr.""}]","[{""url"": ""https://storage.golemio.cz/ckan/obis/Vysledky_hlasovani_ZHMP_2022_-_2026.csv"", ""note"": ""CSV column header: 'Nerušil  Josef Mgr.'""}]"
praha:person:tomas-pek,Tomáš Pek,Tomáš,Pek,"[{""scheme"": ""praha:csv_column_header"", ""identifier"": ""Pek  Tomáš Ing.""}, {""scheme"": ""praha:academic_title"", ""identifier"": ""Ing.""}]","[{""url"": ""https://storage.golemio.cz/ckan/obis/Vysledky_hlasovani_ZHMP_2022_-_2026.csv"", ""note"": ""CSV column header: 'Pek  Tomáš Ing.'""}]"
praha:person:marcela-plesnikova,Marcela Plesníková,Marcela,Plesníková,"[{""scheme"": ""praha:csv_column_header"", ""identifier"": ""Plesníková  Marcela RNDr.""}, {""scheme"": ""praha:academic_title"", ""identifier"": ""RNDr.""}]","[{""url"": ""https://storage.golemio.cz/ckan/obis/Vysledky_hlasovani_ZHMP_2022_-_2026.csv"", ""note"": ""CSV column header: 'Plesníková  Marcela RNDr.'""}]"
praha:person:tomas-portlik,Tomáš Portlík,Tomáš,Portlík,"[{""scheme"": ""praha:csv_column_header"", ""identifier"": ""Portlík  Tomáš Mgr.""}, {""scheme"": ""praha:academic_title"", ""identifier"": ""Mgr.""}]","[{""url"": ""https://storage.golemio.cz/ckan/obis/Vysledky_hlasovani_ZHMP_2022_-_2026.csv"", ""note"": ""CSV column header: 'Portlík  Tomáš Mgr.'""}]"
praha:person:jiri-pospisil,Jiří Pospíšil,Jiří,Pospíšil,"[{""scheme"": ""praha:csv_column_header"", ""identifier"": ""Pospíšil  Jiří JUDr.""}, {""scheme"": ""praha:academic_title"", ""identifier"": ""JUDr.""}]","[{""url"": ""https://storage.golemio.cz/ckan/obis/Vysledky_hlasovani_ZHMP_2022_-_2026.csv"", ""note"": ""CSV column header: 'Pospíšil  Jiří JUDr.'""}]"
praha:person:david-prochazka,David Procházka,David,Procházka,"[{""scheme"": ""praha:csv_column_header"", ""identifier"": ""Procházka  David""}]","[{""url"": ""https://storage.golemio.cz/ckan/obis/Vysledky_hlasovani_ZHMP_2022_-_2026.csv"", ""note"": ""CSV column header: 'Procházka  David'""}]"
praha:person:ondrej-prokop,Ondřej Prokop,Ondřej,Prokop,"[{""scheme"": ""praha:csv_column_header"", ""identifier"": ""Prokop  Ondřej Ing.""}, {""scheme"": ""praha:academic_title"", ""identifier"": ""Ing.""}]","[{""url"": ""https://storage.golemio.cz/ckan/obis/Vysledky_hlasovani_ZHMP_2022_-_2026.csv"", ""note"": ""CSV column header: 'Prokop  Ondřej Ing.'""}]"
praha:person:jiri-ptacek,Jiří Ptáček,Jiří,Ptáček,"[{""scheme"": ""praha:csv_column_header"", ""identifier"": ""Ptáček  Jiří""}]","[{""url"": ""https://storage.golemio.cz/ckan/obis/Vysledky_hlasovani_ZHMP_2022_-_2026.csv"", ""note"": ""CSV column header: 'Ptáček  Jiří'""}]"
praha:person:barbora-razga,Barbora Rázga,Barbora,Rázga,"[{""scheme"": ""praha:csv_column_header"", ""identifier"": ""Rázga  Barbora Mgr.""}, {""scheme"": ""praha:academic_title"", ""identifier"": ""Mgr.""}]","[{""url"": ""https://storage.golemio.cz/ckan/obis/Vysledky_hlasovani_ZHMP_2022_-_2026.csv"", ""note"": ""CSV column header: 'Rázga  Barbora Mgr.'""}]"
praha:person:adam-scheinherr,Adam Scheinherr,Adam,Scheinherr,"[{""scheme"": ""praha:csv_column_header"", ""identifier"": ""Scheinherr  Adam Ing. Ph.D., MSc.""}, {""scheme"": ""praha:academic_title"", ""identifier"": ""Ing. Ph.D., MSc.""}]","[{""url"": ""https://storage.golemio.cz/ckan/obis/Vysledky_hlasovani_ZHMP_2022_-_2026.csv"", ""note"": ""CSV column header: 'Scheinherr  Adam Ing. Ph.D., MSc.'""}]"
praha:person:martin-sedeke,Martin Sedeke,Martin,Sedeke,"[{""scheme"": ""praha:csv_column_header"", ""identifier"": ""Sedeke  Martin Ing.""}, {""scheme"": ""praha:academic_title"", ""identifier"": ""Ing.""}]","[{""url"": ""https://storage.golemio.cz/ckan/obis/Vysledky_hlasovani_ZHMP_2022_-_2026.csv"", ""note"": ""CSV column header: 'Sedeke  Martin Ing.'""}]"
praha:person:zdenek-seidl,Zdeněk Seidl,Zdeněk,Seidl,"[{""scheme"": ""praha:csv_column_header"", ""identifier"": ""Seidl  Zdeněk prof. MUDr. Ph.D.""}, {""scheme"": ""praha:academic_title"", ""identifier"": ""prof. MUDr. Ph.D.""}]","[{""url"": ""https://storage.golemio.cz/ckan/obis/Vysledky_hlasovani_ZHMP_2022_-_2026.csv"", ""note"": ""CSV column header: 'Seidl  Zdeněk prof. MUDr. Ph.D.'""}]"
praha:person:tomas-slabihoudek,Tomáš Slabihoudek,Tomáš,Slabihoudek,"[{""scheme"": ""praha:csv_column_header"", ""identifier"": ""Slabihoudek  Tomáš Ing.""}, {""scheme"": ""praha:academic_title"", ""identifier"": ""Ing.""}]","[{""url"": ""https://storage.golemio.cz/ckan/obis/Vysledky_hlasovani_ZHMP_2022_-_2026.csv"", ""note"": ""CSV column header: 'Slabihoudek  Tomáš Ing.'""}]"
praha:person:bara-soukup,Bara Soukup,Bara,Soukup,"[{""scheme"": ""praha:csv_column_header"", ""identifier"": ""Soukup  Bara Mgr.""}, {""scheme"": ""praha:academic_title"", ""identifier"": ""Mgr.""}]","[{""url"": ""https://storage.golemio.cz/ckan/obis/Vysledky_hlasovani_ZHMP_2022_-_2026.csv"", ""note"": ""CSV column header: 'Soukup  Bara Mgr.'""}]"
praha:person:bohuslav-svoboda,Bohuslav Svoboda,Bohuslav,Svoboda,"[{""scheme"": ""praha:csv_column_header"", ""identifier"": ""Svoboda  Bohuslav doc. MUDr. CSc.""}, {""scheme"": ""praha:academic_title"", ""identifier"": ""doc. MUDr. CSc.""}]","[{""url"": ""https://storage.golemio.cz/ckan/obis/Vysledky_hlasovani_ZHMP_2022_-_2026.csv"", ""note"": ""CSV column header: 'Svoboda  Bohuslav doc. MUDr. CSc.'""}]"
praha:person:eva-tylova,Eva Tylová,Eva,Tylová,"[{""scheme"": ""praha:csv_column_header"", ""identifier"": ""Tylová  Eva Ing.""}, {""scheme"": ""praha:academic_title"", ""identifier"": ""Ing.""}]","[{""url"": ""https://storage.golemio.cz/ckan/obis/Vysledky_hlasovani_ZHMP_2022_-_2026.csv"", ""note"": ""CSV column header: 'Tylová  Eva Ing.'""}]"
praha:person:hana-trestikova,Hana Třeštíková,Hana,Třeštíková,"[{""scheme"": ""praha:csv_column_header"", ""identifier"": ""Třeštíková  Hana MgA.""}, {""scheme"": ""praha:academic_title"", ""identifier"": ""MgA.""}]","[{""url"": ""https://storage.golemio.cz/ckan/obis/Vysledky_hlasovani_ZHMP_2022_-_2026.csv"", ""note"": ""CSV column header: 'Třeštíková  Hana MgA.'""}]"
praha:person:alexandra-udzenija,Alexandra Udženija,Alexandra,Udženija,"[{""scheme"": ""praha:csv_column_header"", ""identifier"": ""Udženija  Alexandra Ing.""}, {""scheme"": ""praha:academic_title"", ""identifier"": ""Ing.""}]","[{""url"": ""https://storage.golemio.cz/ckan/obis/Vysledky_hlasovani_ZHMP_2022_-_2026.csv"", ""note"": ""CSV column header: 'Udženija  Alexandra Ing.'""}]"
praha:person:milan-urban,Milan Urban,Milan,Urban,"[{""scheme"": ""praha:csv_column_header"", ""identifier"": ""Urban  Milan Dr. Ing.""}, {""scheme"": ""praha:academic_title"", ""identifier"": ""Dr. Ing.""}]","[{""url"": ""https://storage.golemio.cz/ckan/obis/Vysledky_hlasovani_ZHMP_2022_-_2026.csv"", ""note"": ""CSV column header: 'Urban  Milan Dr. Ing.'""}]"
praha:person:magdalena-valdmanova,Magdalena Valdmanová,Magdalena,Valdmanová,"[{""scheme"": ""praha:csv_column_header"", ""identifier"": ""Valdmanová  Magdalena""}]","[{""url"": ""https://storage.golemio.cz/ckan/obis/Vysledky_hlasovani_ZHMP_2022_-_2026.csv"", ""note"": ""CSV column header: 'Valdmanová  Magdalena'""}]"
praha:person:lenka-vedralova,Lenka Vedralová,Lenka,Vedralová,"[{""scheme"": ""praha:csv_column_header"", ""identifier"": ""Vedralová  Lenka Mgr.""}, {""scheme"": ""praha:academic_title"", ""identifier"": ""Mgr.""}]","[{""url"": ""https://storage.golemio.cz/ckan/obis/Vysledky_hlasovani_ZHMP_2022_-_2026.csv"", ""note"": ""CSV column header: 'Vedralová  Lenka Mgr.'""}]"
praha:person:david-vodrazka,David Vodrážka,David,Vodrážka,"[{""scheme"": ""praha:csv_column_header"", ""identifier"": ""Vodrážka  David Ing.""}, {""scheme"": ""praha:academic_title"", ""identifier"": ""Ing.""}]","[{""url"": ""https://storage.golemio.cz/ckan/obis/Vysledky_hlasovani_ZHMP_2022_-_2026.csv"", ""note"": ""CSV column header: 'Vodrážka  David Ing.'""}]"
praha:person:pavel-vyhnanek,Pavel Vyhnánek,Pavel,Vyhnánek,"[{""scheme"": ""praha:csv_column_header"", ""identifier"": ""Vyhnánek  Pavel  M.A.""}, {""scheme"": ""praha:academic_title"", ""identifier"": ""M.A.""}]","[{""url"": ""https://storage.golemio.cz/ckan/obis/Vysledky_hlasovani_ZHMP_2022_-_2026.csv"", ""note"": ""CSV column header: 'Vyhnánek  Pavel  M.A.'""}]"
praha:person:jan-wolf,Jan Wolf,Jan,Wolf,"[{""scheme"": ""praha:csv_column_header"", ""identifier"": ""Wolf  Jan""}]","[{""url"": ""https://storage.golemio.cz/ckan/obis/Vysledky_hlasovani_ZHMP_2022_-_2026.csv"", ""note"": ""CSV column header: 'Wolf  Jan'""}]"
praha:person:zdenek-zajicek,Zdeněk Zajíček,Zdeněk,Zajíček,"[{""scheme"": ""praha:csv_column_header"", ""identifier"": ""Zajíček  Zdeněk Mgr.""}, {""scheme"": ""praha:academic_title"", ""identifier"": ""Mgr.""}]","[{""url"": ""https://storage.golemio.cz/ckan/obis/Vysledky_hlasovani_ZHMP_2022_-_2026.csv"", ""note"": ""CSV column header: 'Zajíček  Zdeněk Mgr.'""}]"
praha:person:pavel-zelenka,Pavel Zelenka,Pavel,Zelenka,"[{""scheme"": ""praha:csv_column_header"", ""identifier"": ""Zelenka  Pavel""}]","[{""url"": ""https://storage.golemio.cz/ckan/obis/Vysledky_hlasovani_ZHMP_2022_-_2026.csv"", ""note"": ""CSV column header: 'Zelenka  Pavel'""}]"
praha:person:petr-zeman,Petr Zeman,Petr,Zeman,"[{""scheme"": ""praha:csv_column_header"", ""identifier"": ""Zeman  Petr""}]","[{""url"": ""https://storage.golemio.cz/ckan/obis/Vysledky_hlasovani_ZHMP_2022_-_2026.csv"", ""note"": ""CSV column header: 'Zeman  Petr'""}]"
praha:person:adam-zabransky,Adam Zábranský,Adam,Zábranský,"[{""scheme"": ""praha:csv_column_header"", ""identifier"": ""Zábranský  Adam Mgr.""}, {""scheme"": ""praha:academic_title"", ""identifier"": ""Mgr.""}]","[{""url"": ""https://storage.golemio.cz/ckan/obis/Vysledky_hlasovani_ZHMP_2022_-_2026.csv"", ""note"": ""CSV column header: 'Zábranský  Adam Mgr.'""}]"
praha:person:mariana-capkova,Mariana Čapková,Mariana,Čapková,"[{""scheme"": ""praha:csv_column_header"", ""identifier"": ""Čapková  Mariana Ing. MBA""}, {""scheme"": ""praha:academic_title"", ""identifier"": ""Ing. MBA""}]","[{""url"": ""https://storage.golemio.cz/ckan/obis/Vysledky_hlasovani_ZHMP_2022_-_2026.csv"", ""note"": ""CSV column header: 'Čapková  Mariana Ing. MBA'""}]"
praha:person:jan-cizinsky,Jan Čižinský,Jan,Čižinský,"[{""scheme"": ""praha:csv_column_header"", ""identifier"": ""Čižinský  Jan Mgr.""}, {""scheme"": ""praha:academic_title"", ""identifier"": ""Mgr.""}]","[{""url"": ""https://storage.golemio.cz/ckan/obis/Vysledky_hlasovani_ZHMP_2022_-_2026.csv"", ""note"": ""CSV column header: 'Čižinský  Jan Mgr.'""}]"
praha:person:tomas-kanera,Tomáš Kaněra,Tomáš,Kaněra,"[{""scheme"": ""praha:csv_column_header"", ""identifier"": ""Kaněra  Tomáš Bc.""}, {""scheme"": ""praha:academic_title"", ""identifier"": ""Bc.""}]","[{""url"": ""https://storage.golemio.cz/ckan/obis/Vysledky_hlasovani_ZHMP_2022_-_2026.csv"", ""note"": ""CSV column header: 'Kaněra  Tomáš Bc.'""}]"
